_unit_id,_created_at,_updated_at,_golden,friendly,friendlyshow,id,orig,rating_gold,rating_gold_reason,uri,rating_gold,rating_gold_reason,what_is_the_rationale_for_your_choice_gold,what_is_the_rationale_for_your_choice_gold_reason
847148824,12/14/2015 15:06:54,12/15/2015 03:29:34,,SocialistStates,Socialist states,0,Dbpedia_URL_type_http://dbpedia.org/class/yago/SocialistStates,,,https://en.wikipedia.org/wiki/Category:Socialist_states,,,,
847148825,12/14/2015 15:06:54,12/14/2015 19:24:49,,IslandsOfTheIndianOcean,Islands of the Indian Ocean,4,Dbpedia_URL_type_http://dbpedia.org/class/yago/IslandsOfTheIndianOcean,,,https://en.wikipedia.org/wiki/Category:Islands_of_the_Indian_Ocean,,,,
847148826,12/14/2015 15:06:54,12/16/2015 08:51:03,,EuropeanCountries,European countries,8,Dbpedia_URL_type_http://dbpedia.org/class/yago/EuropeanCountries,,,,,,,
847148827,12/14/2015 15:06:54,12/16/2015 08:51:03,,StatesAndTerritoriesEstablishedIn1960,States and territories established In 1960,9,Dbpedia_URL_type_http://dbpedia.org/class/yago/StatesAndTerritoriesEstablishedIn1960,,,https://en.wikipedia.org/wiki/Category:States_and_territories_established_in_1960,,,,
847148828,12/14/2015 15:06:54,12/19/2015 13:37:56,,MalayspeakingCountriesAndTerritories,Malayspeaking countries and territories,12,Dbpedia_URL_type_http://dbpedia.org/class/yago/Malay-speakingCountriesAndTerritories,,,https://en.wikipedia.org/wiki/Category:Malay-speaking_countries_and_territories,,,,
847148829,12/14/2015 15:06:54,12/19/2015 13:37:56,,StatesAndTerritoriesEstablishedIn1962,States and territories established In 1962,14,Dbpedia_URL_type_http://dbpedia.org/class/yago/StatesAndTerritoriesEstablishedIn1962,,,https://en.wikipedia.org/wiki/Category:States_and_territories_established_in_1962,,,,
847148830,12/14/2015 15:06:54,12/17/2015 05:05:00,,StatesAndTerritoriesEstablishedIn1963,States and territories established In 1963,15,Dbpedia_URL_type_http://dbpedia.org/class/yago/StatesAndTerritoriesEstablishedIn1963,,,https://en.wikipedia.org/wiki/Category:States_and_territories_established_in_1963,,,,
847148831,12/14/2015 15:06:54,12/19/2015 13:37:56,,StatesAndTerritoriesEstablishedIn1966,States and territories established In 1966,17,Dbpedia_URL_type_http://dbpedia.org/class/yago/StatesAndTerritoriesEstablishedIn1966,,,https://en.wikipedia.org/wiki/Category:States_and_territories_established_in_1966,,,,
847148832,12/14/2015 15:06:54,12/14/2015 19:24:49,,MemberStatesOfTheCouncilOfEurope,Member states of the Council of Europe,25,Dbpedia_URL_type_http://dbpedia.org/class/yago/MemberStatesOfTheCouncilOfEurope,,,https://en.wikipedia.org/wiki/Category:Member_states_of_the_Council_of_Europe,,,,
847148833,12/14/2015 15:06:54,12/14/2015 19:24:48,,StatesAndTerritoriesEstablishedIn1956,States and territories established In 1956,28,Dbpedia_URL_type_http://dbpedia.org/class/yago/StatesAndTerritoriesEstablishedIn1956,,,https://en.wikipedia.org/wiki/Category:States_and_territories_established_in_1956,,,,
847148834,12/14/2015 15:06:54,12/19/2015 13:37:56,,EnglishspeakingCountriesAndTerritories,Englishspeaking countries and territories,30,Dbpedia_URL_type_http://dbpedia.org/class/yago/English-speakingCountriesAndTerritories,,,https://en.wikipedia.org/wiki/Category:English-speaking_countries_and_territories,,,,
847148835,12/14/2015 15:06:54,12/14/2015 19:24:48,,MemberStatesOfTheCommunityOfPortugueseLanguageCountries,Member states of the Community of Portuguese Language countries,33,Dbpedia_URL_type_http://dbpedia.org/class/yago/MemberStatesOfTheCommunityOfPortugueseLanguageCountries,,,https://en.wikipedia.org/wiki/Category:Member_states_of_the_Community_of_Portuguese_Language_Countries,,,,
847148836,12/14/2015 15:06:54,12/17/2015 05:05:00,,Developing8CountriesMemberStates,Developing 8 countries Member states,35,Dbpedia_URL_type_http://dbpedia.org/class/yago/Developing8CountriesMemberStates,,,https://en.wikipedia.org/wiki/Category:Developing_8_Countries_member_states,,,,
847148837,12/14/2015 15:06:54,12/15/2015 03:29:34,,EuropeanUnionMemberEconomies,European Union Member Economies,36,Dbpedia_URL_type_http://dbpedia.org/class/yago/EuropeanUnionMemberEconomies,,,https://en.wikipedia.org/wiki/Category:European_Union_member_economies,,,,
847148838,12/14/2015 15:06:54,12/15/2015 03:29:34,,StatesAndTerritoriesEstablishedIn1947,States and territories established In 1947,42,Dbpedia_URL_type_http://dbpedia.org/class/yago/StatesAndTerritoriesEstablishedIn1947,,,https://en.wikipedia.org/wiki/Category:States_and_territories_established_in_1947,,,,
847148839,12/14/2015 15:06:54,12/17/2015 05:05:00,,FederalCountries,Federal countries,45,Dbpedia_URL_type_http://dbpedia.org/class/yago/FederalCountries,,,https://en.wikipedia.org/wiki/Category:Federal_countries,,,,
847148840,12/14/2015 15:06:54,12/15/2015 03:29:34,,MemberStatesOfNATO,Member states of NATO,48,Dbpedia_URL_type_http://dbpedia.org/class/yago/MemberStatesOfNATO,,,https://en.wikipedia.org/wiki/Category:Member_states_of_NATO,,,,
847148841,12/14/2015 15:06:54,12/16/2015 08:51:03,,StatesAndTerritoriesEstablishedIn1932,States and territories established In 1932,52,Dbpedia_URL_type_http://dbpedia.org/class/yago/StatesAndTerritoriesEstablishedIn1932,,,https://en.wikipedia.org/wiki/Category:States_and_territories_established_in_1932,,,,
847148842,12/14/2015 15:06:54,12/17/2015 05:05:00,,StatesAndTerritoriesEstablishedIn1918,States and territories established In 1918,58,Dbpedia_URL_type_http://dbpedia.org/class/yago/StatesAndTerritoriesEstablishedIn1918,,,https://en.wikipedia.org/wiki/Category:States_and_territories_established_in_1918,,,,
847148843,12/14/2015 15:06:54,12/16/2015 08:51:03,,WorldTradeOrganizationMemberEconomies,World Trade Organization Member Economies,72,Dbpedia_URL_type_http://dbpedia.org/class/yago/WorldTradeOrganizationMemberEconomies,,,https://en.wikipedia.org/wiki/Category:World_Trade_Organization_member_economies,,,,
847148844,12/14/2015 15:06:54,2/4/2016 11:56:04,,MemberStatesOfTheUnitedNations,Member states of the United Nations,74,Dbpedia_URL_type_http://dbpedia.org/class/yago/MemberStatesOfTheUnitedNations,,,https://en.wikipedia.org/wiki/Category:Member_states_of_the_United_Nations,,,,
847148845,12/14/2015 15:06:54,2/13/2016 13:14:26,,NUTS2StatisticalRegionsOfTheEuropeanUnion,NUTS2 statistical Regions of the European Union,84,Dbpedia_URL_type_http://dbpedia.org/class/yago/NUTS2StatisticalRegionsOfTheEuropeanUnion,,,https://en.wikipedia.org/wiki/Category:NUTS_2_statistical_regions_of_the_European_Union,,,,
847148846,12/14/2015 15:06:54,2/1/2016 20:45:17,,MemberStatesOfLaFrancophonie,Member states of La Francophonie,86,Dbpedia_URL_type_http://dbpedia.org/class/yago/MemberStatesOfLaFrancophonie,,,https://en.wikipedia.org/wiki/Category:Member_states_of_La_Francophonie,,,,
847148847,12/14/2015 15:06:54,2/3/2016 01:16:32,,DividedRegions,Divided Regions,92,Dbpedia_URL_type_http://dbpedia.org/class/yago/DividedRegions,,,https://en.wikipedia.org/wiki/Category:Divided_regions,,,,
847148848,12/14/2015 15:06:54,2/4/2016 11:56:04,,ArabicspeakingCountriesAndTerritories,Arabicspeaking countries and territories,94,Dbpedia_URL_type_http://dbpedia.org/class/yago/Arabic-speakingCountriesAndTerritories,,,https://en.wikipedia.org/wiki/Category:Arabic-speaking_countries_and_territories,,,,
847148849,12/14/2015 15:06:54,2/14/2016 04:15:09,,WesternAsianCountries,Western Asian countries,98,Dbpedia_URL_type_http://dbpedia.org/class/yago/WesternAsianCountries,,,https://en.wikipedia.org/wiki/Category:Western_Asian_countries,,,,
847148850,12/14/2015 15:06:54,2/7/2016 17:04:43,,MiddleEasternCountries,Middle Eastern countries,99,Dbpedia_URL_type_http://dbpedia.org/class/yago/MiddleEasternCountries,,,https://en.wikipedia.org/wiki/Category:Middle_Eastern_countries,,,,
847148851,12/14/2015 15:06:54,2/3/2016 01:16:32,,LandlockedCountries,Landlocked countries,101,Dbpedia_URL_type_http://dbpedia.org/class/yago/LandlockedCountries,,,https://en.wikipedia.org/wiki/Category:Landlocked_countries,,,,
847148852,12/14/2015 15:06:54,2/4/2016 11:56:04,,StatesAndTerritoriesEstablishedIn1830,States and territories established In 1830,102,Dbpedia_URL_type_http://dbpedia.org/class/yago/StatesAndTerritoriesEstablishedIn1830,,,https://en.wikipedia.org/wiki/Category:States_and_territories_established_in_1830,,,,
847148853,12/14/2015 15:06:54,2/13/2016 13:14:25,,AfricanCountries,African countries,110,Dbpedia_URL_type_http://dbpedia.org/class/yago/AfricanCountries,,,,,,,
847148854,12/14/2015 15:06:54,2/17/2016 16:26:18,,MemberStatesOfTheSouthAsianAssociationForRegionalCooperation,Member states of the South Asian Association for Regional Cooperation,111,Dbpedia_URL_type_http://dbpedia.org/class/yago/MemberStatesOfTheSouthAsianAssociationForRegionalCooperation,,,https://en.wikipedia.org/wiki/Category:Member_states_of_the_South_Asian_Association_for_Regional_Cooperation,,,,
847148855,12/14/2015 15:06:54,2/9/2016 16:49:53,,SoutheastAsianCountries,Southeast Asian countries,112,Dbpedia_URL_type_http://dbpedia.org/class/yago/SoutheastAsianCountries,,,https://en.wikipedia.org/wiki/Category:Southeast_Asian_countries,,,,
847148856,12/14/2015 15:06:54,2/1/2016 20:45:17,,MemberStatesOfTheAfricanUnion,Member states of the African Union,121,Dbpedia_URL_type_http://dbpedia.org/class/yago/MemberStatesOfTheAfricanUnion,,,https://en.wikipedia.org/wiki/Category:Member_states_of_the_African_Union,,,,
847148857,12/14/2015 15:06:54,2/1/2016 20:45:17,,MemberStatesOfMercosur,Member states of Mercosur,132,Dbpedia_URL_type_http://dbpedia.org/class/yago/MemberStatesOfMercosur,,,https://en.wikipedia.org/wiki/Category:Member_states_of_Mercosur,,,,
847148858,12/14/2015 15:06:54,2/6/2016 18:08:53,,AreasOfTraditionalSpreadOfUkrainiansAndUkrainianLanguage,Areas of Traditional Spread of Ukrainians and Ukrainian Language,136,Dbpedia_URL_type_http://dbpedia.org/class/yago/AreasOfTraditionalSpreadOfUkrainiansAndUkrainianLanguage,,,https://en.wikipedia.org/wiki/Category:Areas_of_traditional_spread_of_Ukrainians_and_Ukrainian_language,,,,
847148859,12/14/2015 15:06:54,2/6/2016 18:08:53,,UkrainianspeakingCountriesAndTerritories,Ukrainianspeaking countries and territories,137,Dbpedia_URL_type_http://dbpedia.org/class/yago/Ukrainian-speakingCountriesAndTerritories,,,https://en.wikipedia.org/wiki/Category:Ukrainian-speaking_countries_and_territories,,,,
847148860,12/14/2015 15:06:54,2/14/2016 04:15:09,,MemberStatesOfTheArabLeague,Member states of the Arab League,153,Dbpedia_URL_type_http://dbpedia.org/class/yago/MemberStatesOfTheArabLeague,,,https://en.wikipedia.org/wiki/Category:Member_states_of_the_Arab_League,,,,
847148861,12/14/2015 15:06:54,2/17/2016 16:26:18,,MemberStatesOfOPEC,Member states of OPEC,154,Dbpedia_URL_type_http://dbpedia.org/class/yago/MemberStatesOfOPEC,,,https://en.wikipedia.org/wiki/Category:Member_states_of_OPEC,,,,
847148862,12/14/2015 15:06:54,2/22/2016 18:11:23,,MemberStatesOfTheAssociationOfSoutheastAsianNations,Member states of the Association of Southeast Asian Nations,155,Dbpedia_URL_type_http://dbpedia.org/class/yago/MemberStatesOfTheAssociationOfSoutheastAsianNations,,,https://en.wikipedia.org/wiki/Category:Member_states_of_the_Association_of_Southeast_Asian_Nations,,,,
847148863,12/14/2015 15:06:54,2/22/2016 18:11:23,,MemberStatesOfTheCommonwealthOfNations,Member states of the Commonwealth of Nations,156,Dbpedia_URL_type_http://dbpedia.org/class/yago/MemberStatesOfTheCommonwealthOfNations,,,https://en.wikipedia.org/wiki/Category:Member_states_of_the_Commonwealth_of_Nations,,,,
847148864,12/14/2015 15:06:54,2/7/2016 17:04:43,,IslandCountries,Island countries,157,Dbpedia_URL_type_http://dbpedia.org/class/yago/IslandCountries,,,https://en.wikipedia.org/wiki/Category:Island_countries,,,,
847148865,12/14/2015 15:06:54,2/7/2016 17:04:43,,StatesAndTerritoriesEstablishedIn1991,States and territories established In 1991,160,Dbpedia_URL_type_http://dbpedia.org/class/yago/StatesAndTerritoriesEstablishedIn1991,,,https://en.wikipedia.org/wiki/Category:States_and_territories_established_in_1991,,,,
847148866,12/14/2015 15:06:54,2/7/2016 17:04:43,,SwahilispeakingCountriesAndTerritories,Swahilispeaking countries and territories,161,Dbpedia_URL_type_http://dbpedia.org/class/yago/Swahili-speakingCountriesAndTerritories,,,https://en.wikipedia.org/wiki/Category:Swahili-speaking_countries_and_territories,,,,
847148867,12/14/2015 15:06:54,2/13/2016 13:14:26,,MemberStatesOfTheUnionForTheMediterranean,Member states of the Union for the Mediterranean,166,Dbpedia_URL_type_http://dbpedia.org/class/yago/MemberStatesOfTheUnionForTheMediterranean,,,https://en.wikipedia.org/wiki/Category:Member_states_of_the_Union_for_the_Mediterranean,,,,
847148868,12/14/2015 15:06:54,2/17/2016 16:26:18,,MemberStatesOfTheEuropeanUnion,Member states of the European Union,167,Dbpedia_URL_type_http://dbpedia.org/class/yago/MemberStatesOfTheEuropeanUnion,,,https://en.wikipedia.org/wiki/Category:Member_states_of_the_European_Union,,,,
847148869,12/14/2015 15:06:54,2/3/2016 01:16:32,,SouthAmericanCountries,South American countries,168,Dbpedia_URL_type_http://dbpedia.org/class/yago/SouthAmericanCountries,,,,,,,
847148870,12/14/2015 15:06:54,2/9/2016 16:49:53,,CountriesBorderingTheAtlanticOcean,countries Bordering the Atlantic Ocean,174,Dbpedia_URL_type_http://dbpedia.org/class/yago/CountriesBorderingTheAtlanticOcean,,,,,,,
847148871,12/14/2015 15:06:54,2/14/2016 04:15:09,,StatesAndTerritoriesEstablishedIn1975,States and territories established In 1975,181,Dbpedia_URL_type_http://dbpedia.org/class/yago/StatesAndTerritoriesEstablishedIn1975,,,https://en.wikipedia.org/wiki/Category:States_and_territories_established_in_1975,,,,
847148872,12/14/2015 15:06:54,2/6/2016 18:08:53,,MemberStatesOfTheOrganisationOfIslamicCooperation,Member states of the Organisation of Islamic Cooperation,183,Dbpedia_URL_type_http://dbpedia.org/class/yago/MemberStatesOfTheOrganisationOfIslamicCooperation,,,https://en.wikipedia.org/wiki/Category:Member_states_of_the_Organisation_of_Islamic_Cooperation,,,,
847148873,12/14/2015 15:06:54,2/13/2016 13:14:26,,LeastDevelopedCountries,Least Developed countries,185,Dbpedia_URL_type_http://dbpedia.org/class/yago/LeastDevelopedCountries,,,https://en.wikipedia.org/wiki/Category:Least_developed_countries,,,,
847148874,12/14/2015 15:06:54,2/4/2016 11:56:04,,BalticStates,Baltic states,187,Dbpedia_URL_type_http://dbpedia.org/class/yago/BalticStates,,,https://en.wikipedia.org/wiki/Category:Baltic_states,,,,
847148875,12/14/2015 15:06:54,2/3/2016 01:16:32,,StatesAndTerritoriesEstablishedIn1971,States and territories established In 1971,188,Dbpedia_URL_type_http://dbpedia.org/class/yago/StatesAndTerritoriesEstablishedIn1971,,,https://en.wikipedia.org/wiki/Category:States_and_territories_established_in_1971,,,,
847148876,12/14/2015 15:06:54,2/14/2016 04:15:09,,IslamicStates,Islamic states,191,Dbpedia_URL_type_http://dbpedia.org/class/yago/IslamicStates,,,https://en.wikipedia.org/wiki/Category:Islamic_states,,,,
847148877,12/14/2015 15:06:54,2/1/2016 20:45:17,,AfricanUnionMemberEconomies,African Union Member Economies,192,Dbpedia_URL_type_http://dbpedia.org/class/yago/AfricanUnionMemberEconomies,,,https://en.wikipedia.org/wiki/Category:African_Union_member_economies,,,,
847148878,12/14/2015 15:06:54,2/9/2016 16:49:53,,StatesAndTerritoriesEstablishedIn1981,States and territories established In 1981,199,Dbpedia_URL_type_http://dbpedia.org/class/yago/StatesAndTerritoriesEstablishedIn1981,,,https://en.wikipedia.org/wiki/Category:States_and_territories_established_in_1981,,,,
847148879,12/14/2015 15:06:54,2/6/2016 18:08:54,,BantuCountriesAndTerritories,Bantu countries and territories,200,Dbpedia_URL_type_http://dbpedia.org/class/yago/BantuCountriesAndTerritories,,,https://en.wikipedia.org/wiki/Category:Bantu_countries_and_territories,,,,
847148880,12/14/2015 15:06:54,2/17/2016 16:26:18,,SouthAsianCountries,South Asian countries,205,Dbpedia_URL_type_http://dbpedia.org/class/yago/SouthAsianCountries,,,https://en.wikipedia.org/wiki/Category:South_Asian_countries,,,,
847148881,12/14/2015 15:06:54,2/9/2016 16:49:53,,MemberStatesOfTheCooperationCouncilForTheArabStatesOfTheGulf,Member states of the Cooperation Council for the Arab states of the Gulf,206,Dbpedia_URL_type_http://dbpedia.org/class/yago/MemberStatesOfTheCooperationCouncilForTheArabStatesOfTheGulf,,,https://en.wikipedia.org/wiki/Category:Member_states_of_the_Cooperation_Council_for_the_Arab_States_of_the_Gulf,,,,
847207653,12/14/2015 15:55:11,2/22/2016 18:09:12,TRUE,,Countries with the lowest minimum driving age.,,,"high_weak_influence
high_strong_influence",It  is a well-known fact that young drivers cause more traffic accidents.,https://en.wikipedia.org/wiki/List_of_countries_by_minimum_driving_age,"high_weak_influence
high_strong_influence",It  is a well-known fact that young drivers cause more traffic accidents.,,""
847207654,12/14/2015 15:55:11,3/2/2016 00:36:47,TRUE,,Countries with the highest minimum driving age,,,"low_strong_influence
Low (weak influence)",It  is a well-known fact that young drivers cause more traffic accidents.,https://en.wikipedia.org/wiki/List_of_countries_by_minimum_driving_age,"low_strong_influence
Low (weak influence)",It  is a well-known fact that young drivers cause more traffic accidents.,,""
847207655,12/14/2015 15:55:11,2/22/2016 15:15:36,TRUE,,Countries with the highest traffic-related death rate,,,"high_strong_influence
high_weak_influence",There is an obvious strong link between traffic-related death rate and traffic accidents.,https://en.wikipedia.org/wiki/List_of_countries_by_traffic-related_death_rate,"high_strong_influence
high_weak_influence",There is an obvious strong link between traffic-related death rate and traffic accidents.,,
847207656,12/14/2015 15:55:11,2/22/2016 15:15:36,TRUE,,Countries with the lowest traffic-related death rate,,,"low_strong_influence
Low (weak influence)",There is an obvious strong link between traffic-related death rate and traffic accidents.,https://en.wikipedia.org/wiki/List_of_countries_by_traffic-related_death_rate,"low_strong_influence
Low (weak influence)",There is an obvious strong link between traffic-related death rate and traffic accidents.,,""
847207657,12/14/2015 15:55:11,3/2/2016 00:36:47,TRUE,,Countries with the highest milk consumption per capita,,,"Low (weak influence)
no_influence
high_weak_influence",There is no obvious strong link between milk consumption and traffic accidents.,https://en.wikipedia.org/wiki/List_of_countries_by_milk_consumption_per_capita,"Low (weak influence)
no_influence
high_weak_influence",There is no obvious strong link between milk consumption and traffic accidents.,,""
847207658,12/14/2015 15:55:11,2/20/2016 17:21:19,TRUE,,Countries with the lowest milk consumption per capita,,,"Low (weak influence)
no_influence
high_weak_influence",There is no obvious strong link between milk consumption and traffic accidents.,https://en.wikipedia.org/wiki/BAFTA_Award_for_Best_Original_Screenplay,"Low (weak influence)
no_influence
high_weak_influence",There is no obvious strong link between milk consumption and traffic accidents.,,""
847207659,12/14/2015 15:55:11,3/2/2016 00:36:47,TRUE,,Countries with the minimum driving age  18 years,,,"Low (weak influence)
no_influence
high_weak_influence",This minimum driving age is common in most countries.,https://en.wikipedia.org/wiki/Golden_Raspberry_Award_for_Worst_Screenplay,"Low (weak influence)
no_influence
high_weak_influence",This minimum driving age is common in most countries.,,""
847207660,12/14/2015 15:55:11,2/22/2016 18:09:11,TRUE,,Countries with the highest forest area per capita,,,"Low (weak influence)
no_influence
high_weak_influence",There is no obvious strong link between forest area and traffic accidents.,https://en.wikipedia.org/wiki/List_of_countries_by_forest_area,"Low (weak influence)
no_influence
high_weak_influence",There is no obvious strong link between forest area and traffic accidents.,,""
847207661,12/14/2015 15:55:11,2/22/2016 18:09:12,TRUE,,Countries with the highest population,,,"Low (weak influence)
no_influence
high_weak_influence",There is no obvious strong link between population and traffic accidents.,https://en.wikipedia.org/wiki/List_of_countries_and_dependencies_by_population,"Low (weak influence)
no_influence
high_weak_influence",There is no obvious strong link between population and traffic accidents.,,""
847207662,12/14/2015 15:55:11,2/22/2016 18:09:11,TRUE,,Countries which are a Parliamentary republic,,,"Low (weak influence)
no_influence
high_weak_influence","Many countries are parliamentary republics, there is no obvious strong link with traffic accidents.",https://en.wikipedia.org/wiki/List_of_countries_by_system_of_government#Parliamentary_republics,"Low (weak influence)
no_influence
high_weak_influence","Many countries are parliamentary republics, there is no obvious strong link with traffic accidents.",,""
847207663,12/14/2015 15:55:11,2/20/2016 00:33:13,TRUE,,Countries with the minimum driving age  15 years,,,"high_strong_influence
high_weak_influence",It  is a well-known fact that young drivers cause more traffic accidents.,https://en.wikipedia.org/wiki/List_of_countries_by_minimum_driving_age,"high_strong_influence
high_weak_influence",It  is a well-known fact that young drivers cause more traffic accidents.,,
847207664,12/14/2015 15:55:11,3/2/2016 00:36:47,TRUE,,Countries with name beginning on  letters A-F,,,no_influence,There is no obvious link with traffic accidents.,https://en.wikipedia.org/wiki/List_of_sovereign_states,no_influence,There is no obvious link with traffic accidents.,,""
847207665,12/14/2015 15:55:11,2/22/2016 15:15:35,TRUE,,Countries with name beginning on  letters H-N,,,no_influence,There is no obvious strong link with traffic accidents.,https://en.wikipedia.org/wiki/List_of_sovereign_states,no_influence,There is no obvious strong link with traffic accidents.,,
847207666,12/14/2015 15:55:11,2/19/2016 20:38:17,TRUE,,Countries with name beginning on  letters M-Z,,,no_influence,There is no obvious link with traffic accidents.,https://en.wikipedia.org/wiki/List_of_sovereign_states,no_influence,There is no obvious link with traffic accidents.,,""
847207667,12/14/2015 15:55:11,3/2/2016 00:36:45,TRUE,,Countries with the lowest population,,,"Low (weak influence)
no_influence
high_weak_influence",There is no obvious link with traffic accidents.,https://en.wikipedia.org/wiki/List_of_countries_and_dependencies_by_population,"Low (weak influence)
no_influence
high_weak_influence",There is no obvious link with traffic accidents.,,""
847207668,12/14/2015 15:55:11,2/19/2016 20:38:17,TRUE,,Countries with the highest population,,,"Low (weak influence)
no_influence
high_weak_influence",There is no obvious strong link with traffic accidents.,https://en.wikipedia.org/wiki/List_of_countries_and_dependencies_by_population,"Low (weak influence)
no_influence
high_weak_influence",There is no obvious strong link with traffic accidents.,,""
