_unit_id,_created_at,_updated_at,_golden,friendly,id,orig,rating_gold,rating_gold_reason,used,rating_gold,rating_gold_reason,what_is_the_rationale_for_your_choice_gold,what_is_the_rationale_for_your_choice_gold_reason
871174376,1/29/2016 16:13:09,2/5/2016 16:38:48,,cap shape is <i>convex</i>,,cap-shape=x,,,True,,,,
871174377,1/29/2016 16:13:09,2/6/2016 01:08:44,,cap surface is <i>scaly</i>,,cap-surface=y,,,True,,,,
871174378,1/29/2016 16:13:09,2/5/2016 18:39:13,,cap surface is <i>smooth</i>,,cap-surface=s,,,True,,,,
871174379,1/29/2016 16:13:09,2/7/2016 07:50:27,,cap color is <i>brown</i>,,cap-color=n,,,True,,,,
871174380,1/29/2016 16:13:09,2/5/2016 16:38:48,,cap color is <i>red</i>,,cap-color=e,,,True,,,,
871174381,1/29/2016 16:13:09,2/6/2016 11:23:55,,mushroom <i>does not have bruises</i>,,bruises?=f,,,True,,,,
871174382,1/29/2016 16:13:09,2/6/2016 11:23:54,,odour is <i>almond</i>,,odor=a,,,True,,,,
871174383,1/29/2016 16:13:09,2/5/2016 18:39:13,,odour is <i>anise</i>,,odor=l,,,True,,,,
871174384,1/29/2016 16:13:09,2/6/2016 15:44:48,,odour is <i>creosote</i>,,odor=c,,,True,,,,
871174385,1/29/2016 16:13:09,2/5/2016 18:39:13,,odour is <i>foul</i>,,odor=f,,,True,,,,
871174386,1/29/2016 16:13:09,2/6/2016 11:23:54,,mushroom <i>does not have odour</i>,,odor=n,,,True,,,,
871174387,1/29/2016 16:13:09,2/5/2016 15:11:23,,odour is <i>pungent</i>,,odor=p,,,True,,,,
871174388,1/29/2016 16:13:09,2/5/2016 18:39:13,,gill spacing is <i>close</i>,,gill-spacing=c,,,True,,,,
871174389,1/29/2016 16:13:09,2/7/2016 07:50:27,,gill size is <i>broad</i>,,gill-size=b,,,True,,,,
871174390,1/29/2016 16:13:09,2/6/2016 01:08:44,,gill size is <i>narrow</i>,,gill-size=n,,,True,,,,
871174391,1/29/2016 16:13:09,2/6/2016 01:08:43,,stalk shape is <i>enlarging</i>,,stalk-shape=e,,,True,,,,
871174392,1/29/2016 16:13:09,2/5/2016 15:11:23,,stalk root is <i>bulbous</i>,,stalk-root=b,,,True,,,,
871174393,1/29/2016 16:13:09,2/7/2016 07:50:27,,stalk surface above ring is <i>smooth</i>,,stalk-surface-above-ring=s,,,True,,,,
871174394,1/29/2016 16:13:09,2/6/2016 11:23:54,,stalk surface below ring is <i>fibrous</i>,,stalk-surface-below-ring=f,,,True,,,,
871174395,1/29/2016 16:13:09,2/8/2016 10:39:57,,stalk surface below ring is <i>silky</i>,,stalk-surface-below-ring=k,,,True,,,,
871174396,1/29/2016 16:13:09,2/5/2016 16:38:48,,stalk surface below ring is <i>smooth</i>,,stalk-surface-below-ring=s,,,True,,,,
871174397,1/29/2016 16:13:09,2/6/2016 15:44:48,,stalk color below ring is <i>white</i>,,stalk-color-below-ring=w,,,True,,,,
871174398,1/29/2016 16:13:09,2/5/2016 16:38:48,,veil color is <i>white</i>,,veil-color=w,,,True,,,,
871174399,1/29/2016 16:13:09,2/5/2016 15:11:23,,mushroom has <i>one ring</i>,,ring-number=o,,,True,,,,
871174400,1/29/2016 16:13:09,2/5/2016 15:11:23,,spore print color is <i>black</i>,,spore-print-color=k,,,True,,,,
871174401,1/29/2016 16:13:09,2/6/2016 01:08:44,,spore print color is <i>brown</i>,,spore-print-color=n,,,True,,,,
871174402,1/29/2016 16:13:09,2/6/2016 15:44:47,,spore print color is <i>green</i>,,spore-print-color=r,,,True,,,,
871174403,1/29/2016 16:13:09,2/7/2016 07:50:27,,spore print color is <i>white</i>,,spore-print-color=w,,,True,,,,
871174404,1/29/2016 16:13:09,2/8/2016 10:39:57,,population is <i>several</i>,,population=v,,,True,,,,
871174405,1/29/2016 16:13:09,2/6/2016 15:44:47,,population is <i>solitary</i>,,population=y,,,True,,,,
871175663,1/29/2016 16:21:47,3/22/2016 21:50:23,TRUE,Forest animals do not eat it.,,,"poisonous_strong_influence
poisonous_weak_influence","However, it is dangerous to assume that it is safe for humans to eat the same species that animals consume without any ill effects – deer and rabbits can eat poisonous fungi with impunity",,"poisonous_strong_influence
poisonous_weak_influence","However, it is dangerous to assume that it is safe for humans to eat the same species that animals consume without any ill effects – deer and rabbits can eat poisonous fungi with impunity",,
871175664,1/29/2016 16:21:47,2/8/2016 10:39:57,TRUE,Causes immediate stomach problems after consumption.,,,"poisonous_strong_influence
poisonous_weak_influence",It is definitely a sign of edibility.,,"poisonous_strong_influence
poisonous_weak_influence",It is definitely a sign of edibility.,,
871175665,1/29/2016 16:21:47,3/22/2016 21:50:25,TRUE,Forest animals eat it.,,,"edible_strong_influence
edible_weak_influence","However, it is dangerous to assume that it is safe for humans to eat the same species that animals consume without any ill effects – deer and rabbits can eat poisonous fungi with impunity",,"edible_strong_influence
edible_weak_influence","However, it is dangerous to assume that it is safe for humans to eat the same species that animals consume without any ill effects – deer and rabbits can eat poisonous fungi with impunity",,
871175666,1/29/2016 16:21:47,3/22/2016 21:50:27,TRUE,Mushroom looks exactly like a species denoted as edible in a mushroom atlas.,,,,Obvious,,,Obvious,,
871175667,1/29/2016 16:21:47,2/8/2016 10:38:31,TRUE,Mushroom looks exactly like a species denoted as poisonous  in a mushroom atlas.,,,"poisonous_strong_influence
poisonous_weak_influence",Obvious,,"poisonous_strong_influence
poisonous_weak_influence",Obvious,,
871175668,1/29/2016 16:21:47,3/22/2016 21:50:27,TRUE,Other mushroom pickers do not pick this mushroom.,,,"poisonous_strong_influence
poisonous_weak_influence",Obvious,,"poisonous_strong_influence
poisonous_weak_influence",Obvious,,
871175669,1/29/2016 16:21:47,3/22/2016 21:50:27,TRUE,Mushroom is small.,,,no_influence,Both edible and poisonous mushrooms are at some point small.,,no_influence,Both edible and poisonous mushrooms are at some point small.,,""
871175670,1/29/2016 16:21:47,2/8/2016 10:38:31,TRUE,Grows in forest,,,no_influence,Both edible and poisonous mushrooms grow in forest.,,no_influence,Both edible and poisonous mushrooms grow in forest.,,""
