uri	pagerank
http://dbpedia.org/resource/Category:States_and_territories_established_in_1237	0.16384743010825994
http://dbpedia.org/resource/Category:Populated_places_in_the_Province_of_Barcelona	0.16681182706060083
http://dbpedia.org/resource/Category:Economies_by_city_in_England	0.16734659913231548
http://dbpedia.org/resource/Category:Emirates_of_the_United_Arab_Emirates	0.17122589533704058
http://dbpedia.org/resource/Category:Populated_places_in_Cook_County,_Illinois	0.18046204027767285
http://dbpedia.org/resource/Category:Populated_places_in_DuPage_County,_Illinois	0.18156940521351517
http://dbpedia.org/resource/Category:Populated_places_in_Dallas_County,_Texas	0.1837552912340555
http://dbpedia.org/resource/Category:Railway_stations_in_Maharashtra	0.18398964927653566
http://dbpedia.org/resource/Category:Port_settlements_in_Canada	0.19145633308640697
http://dbpedia.org/resource/Category:Populated_places_in_Algeria	0.19250000000000003
http://dbpedia.org/resource/Category:Populated_places_in_Fort_Bend_County,_Texas	0.19364379981682325
http://dbpedia.org/resource/Category:Populated_places_in_DeKalb_County,_Georgia	0.20214591491535489
http://dbpedia.org/resource/Category:Municipalities_in_the_Province_of_Barcelona	0.20312951089809206
http://dbpedia.org/resource/Category:Populated_places_in_Collin_County,_Texas	0.21359854192945973
http://dbpedia.org/resource/Category:Port_cities_and_towns_in_the_United_Kingdom	0.2172427826738192
http://dbpedia.org/resource/Category:English_toponyms	0.21726846330753022
http://dbpedia.org/resource/Category:Populated_places_in_Hennepin_County,_Minnesota	0.23042918718463
http://dbpedia.org/resource/Category:Populated_coastal_places_in_Mauritius	0.23718658465161213
http://dbpedia.org/resource/Category:Port_settlements_in_the_United_States	0.2561859692173387
http://dbpedia.org/resource/Category:Populated_places_in_Fulton_County,_Georgia	0.2571234885632481
http://dbpedia.org/resource/Category:Populated_coastal_places_in_Trinidad_and_Tobago	0.280010321058232
http://dbpedia.org/resource/Category:Populated_coastal_places_in_Cameroon	0.2860497552268851
http://dbpedia.org/resource/Category:Populated_places_in_Harris_County,_Texas	0.2942804866452522
http://dbpedia.org/resource/Category:Populated_places_in_Cuba	0.2972207571641001
http://dbpedia.org/resource/Category:Populated_coastal_places_in_Ghana	0.30383747061382504
http://dbpedia.org/resource/Category:Populated_places_in_the_Montevideo_Department	0.3132941364092947
http://dbpedia.org/resource/Category:Cities_and_towns_in_Slovenia	0.3155512437108313
http://dbpedia.org/resource/Category:Provincial_capitals_in_Kenya	0.3216675680750415
http://dbpedia.org/resource/Category:Companies_based_in_Bratislava	0.32248912199962065
http://dbpedia.org/resource/Category:Populated_coastal_places_in_Mauritania	0.32933255748902196
http://dbpedia.org/resource/Category:Districts_of_Al_Asimah_Governorate_(Kuwait)	0.33638568246518885
http://dbpedia.org/resource/Category:Populated_coastal_places_in_Kuwait	0.33638568247581524
http://dbpedia.org/resource/Category:Populated_places_established_in_the_1730s	0.34319105564174146
http://dbpedia.org/resource/Category:Populated_coastal_places_in_Guinea	0.3565931487308778
http://dbpedia.org/resource/Category:Populated_places_established_in_1596	0.3678085546636274
http://dbpedia.org/resource/Category:Populated_coastal_places_in_Azerbaijan	0.3738202442518366
http://dbpedia.org/resource/Category:Populated_places_in_Gabon	0.3982750658996308
http://dbpedia.org/resource/Category:Indian_capital_cities	0.39971426953789363
http://dbpedia.org/resource/Category:Cities_and_towns_in_Karnataka	0.4049307229864956
http://dbpedia.org/resource/Category:Populated_places_in_Panama	0.41164107841810216
http://dbpedia.org/resource/Category:Municipalities_of_Cambodia	0.4119533186271505
http://dbpedia.org/resource/Category:Mediterranean_port_cities_and_towns_in_Cyprus	0.41575296793105865
http://dbpedia.org/resource/Category:Cities_in_Ukraine	0.42491798100292816
http://dbpedia.org/resource/Category:Populated_coastal_places_in_Mozambique	0.42782941877229136
http://dbpedia.org/resource/Category:Populated_coastal_places_in_the_United_Kingdom	0.43076344566665253
http://dbpedia.org/resource/Category:Port_cities_and_towns_in_Angola	0.4357265578093841
http://dbpedia.org/resource/Category:Populated_places_established_in_1575	0.4439479045973232
http://dbpedia.org/resource/Category:Port_cities_and_towns_in_Kuwait	0.44402927704148965
http://dbpedia.org/resource/Category:Metropolitan_areas_of_the_United_States	0.44523553517348025
http://dbpedia.org/resource/Category:Populated_places_in_Yangon_Region	0.44789243563196796
http://dbpedia.org/resource/Category:Populated_places_in_Venezuela	0.45069128384072876
http://dbpedia.org/resource/Category:Populated_places_in_the_Centre_Region_(Burkina_Faso)	0.4624380121982632
http://dbpedia.org/resource/Category:Populated_places_in_the_Beirut_Governorate	0.46459157065608053
http://dbpedia.org/resource/Category:Metropolitan_areas_of_Serbia	0.4669192843420446
http://dbpedia.org/resource/Category:Populated_coastal_places_in_Peru	0.48499826927393164
http://dbpedia.org/resource/Category:Populated_places_in_Vientiane_Province	0.501806501634875
http://dbpedia.org/resource/Category:Cities_and_towns_in_West_Bengal	0.5026767455295975
http://dbpedia.org/resource/Category:Populated_places_in_Grand_Casablanca	0.5080673779866394
http://dbpedia.org/resource/Category:Local_Government_Areas_in_the_Federal_Capital_Territory_(Nigeria)	0.5152552041907816
http://dbpedia.org/resource/Category:Populated_coastal_places_in_Panama	0.5160910903222218
http://dbpedia.org/resource/Category:Populated_places_in_the_City_of_Johannesburg	0.5254958469495375
http://dbpedia.org/resource/Category:Populated_places_established_in_1705	0.528125008480899
http://dbpedia.org/resource/Category:Populated_places_established_in_the_1620s	0.5290191943876197
http://dbpedia.org/resource/Category:County_seats_in_Hawaii	0.5343161393223492
http://dbpedia.org/resource/Category:Populated_places_established_in_1515	0.5350195359312032
http://dbpedia.org/resource/Category:Port_cities_and_towns_in_Pakistan	0.5359797276570161
http://dbpedia.org/resource/Category:Populated_places_established_in_1521	0.5410251869348105
http://dbpedia.org/resource/Category:Populated_coastal_places_in_Senegal	0.5501104119150328
http://dbpedia.org/resource/Category:Port_cities_in_Serbia	0.555771572153656
http://dbpedia.org/resource/Category:Municipalities_of_the_Managua_Department	0.5586270486419824
http://dbpedia.org/resource/Category:World_Heritage_Sites_in_Latvia	0.568476288103322
http://dbpedia.org/resource/Category:Populated_places_on_the_Rio_Negro_(Amazon)	0.571908865428477
http://dbpedia.org/resource/Category:Populated_places_in_Luanda_Province	0.576360664795996
http://dbpedia.org/resource/Category:Former_national_capitals_of_New_Zealand	0.5788739545859651
http://dbpedia.org/resource/Category:Populated_places_established_in_1525	0.5891210001526354
http://dbpedia.org/resource/Category:Ancient_cities_in_Serbia	0.5937944804324281
http://dbpedia.org/resource/Category:Populated_coastal_places_in_Angola	0.5981920160816498
http://dbpedia.org/resource/Category:Populated_places_in_Nairobi_Province	0.6082102772051469
http://dbpedia.org/resource/Category:Populated_places_established_in_1652	0.6108715467322186
http://dbpedia.org/resource/Category:Populated_places_established_in_1726	0.6151096854010599
http://dbpedia.org/resource/Category:Populated_places_established_in_1519	0.6188749606968001
http://dbpedia.org/resource/Category:Populated_places_in_Mali	0.6200211433054242
http://dbpedia.org/resource/Category:Populated_places_established_in_1548	0.6335301458530707
http://dbpedia.org/resource/Category:Ancient_Greek_sites_in_Lebanon	0.637856168771828
http://dbpedia.org/resource/Category:Port_cities_in_Cuba	0.6379256053769321
http://dbpedia.org/resource/Category:Populated_places_in_Thailand	0.6388202596531999
http://dbpedia.org/resource/Category:Cities_planned_by_Walter_Burley_Griffin	0.6408683324257283
http://dbpedia.org/resource/Category:Populated_places_established_in_1578	0.6427736680209267
http://dbpedia.org/resource/Category:Populated_places_in_Tunis_Governorate	0.6457470210531543
http://dbpedia.org/resource/Category:Populated_coastal_places_in_South_Korea	0.6523295466433959
http://dbpedia.org/resource/Category:Regional_capitals_in_Namibia	0.6562772709731238
http://dbpedia.org/resource/Category:Cities_and_towns_in_Maharashtra	0.6573668317332936
http://dbpedia.org/resource/Category:Archaeological_sites_in_Syria	0.6739109437578592
http://dbpedia.org/resource/Category:Ports_and_harbours_of_Trinidad_and_Tobago	0.6762991322744208
http://dbpedia.org/resource/Category:Municipalities_of_Vilnius_County	0.6811010862948278
http://dbpedia.org/resource/Category:Populated_places_established_in_1614	0.6845963049344257
http://dbpedia.org/resource/Category:Autonomous_cities	0.685763039761382
http://dbpedia.org/resource/Category:University_towns	0.6941598949355748
http://dbpedia.org/resource/Category:World_Heritage_Sites_in_Yemen	0.6978829946117742
http://dbpedia.org/resource/Category:Mediterranean_port_cities_and_towns_in_Tunisia	0.6980390691560278
http://dbpedia.org/resource/Category:Cities_in_South_Chungcheong_Province	0.7020305760523222
http://dbpedia.org/resource/Category:Populated_places_in_Mexico	0.7028164886668926
http://dbpedia.org/resource/Category:World_Heritage_Sites_in_Panama	0.7067995021252832
http://dbpedia.org/resource/Category:Populated_places_established_in_1669	0.7075941291501451
http://dbpedia.org/resource/Category:World_Heritage_Sites_in_Ecuador	0.7133413555553497
http://dbpedia.org/resource/Category:Marinas_in_Portugal	0.7155165190538396
http://dbpedia.org/resource/Category:Regional_capitals_in_Guinea	0.7165155118125925
http://dbpedia.org/resource/Category:Populated_places_established_in_1567	0.722867024194404
http://dbpedia.org/resource/Category:Populated_places_established_in_the_1460s	0.7244516962337291
http://dbpedia.org/resource/Category:States_and_territories_established_in_1977	0.7264666938905008
http://dbpedia.org/resource/Category:Populated_places_in_King_County,_Washington	0.7320207978851704
http://dbpedia.org/resource/Category:Populated_places_established_in_1534	0.7327745618031191
http://dbpedia.org/resource/Category:Planned_cities_in_Pakistan	0.7353353910584786
http://dbpedia.org/resource/Category:Provincial_capitals_in_Zambia	0.7384741851292784
http://dbpedia.org/resource/Category:Populated_places_established_in_1690	0.7405435683653517
http://dbpedia.org/resource/Category:Port_cities_in_Latvia	0.7422367705441916
http://dbpedia.org/resource/Category:Spa_towns_in_Hungary	0.7427543927409803
http://dbpedia.org/resource/Category:Coastal_cities_and_towns_in_Pakistan	0.7438155936579437
http://dbpedia.org/resource/Category:Provinces_of_Rwanda	0.7451510555530466
http://dbpedia.org/resource/Category:Populated_places_in_the_Federal_Capital_Territory_(Nigeria)	0.7668191937371176
http://dbpedia.org/resource/Category:Port_cities_and_towns_in_Turkey	0.7738509815308907
http://dbpedia.org/resource/Category:Populated_places_in_the_Sarajevo_Canton	0.7765016649903275
http://dbpedia.org/resource/Category:Populated_places_in_Kazakhstan	0.7797299026567748
http://dbpedia.org/resource/Category:Port_cities_in_Azerbaijan	0.7816832881466903
http://dbpedia.org/resource/Category:Populated_places_in_Analamanga	0.7818130673614441
http://dbpedia.org/resource/Category:Populated_coastal_places_in_Portugal	0.7845808076759103
http://dbpedia.org/resource/Category:Populated_places_in_Georgia_(country)	0.7847343476176872
http://dbpedia.org/resource/Category:Cities_in_South_Australia	0.7848243185121688
http://dbpedia.org/resource/Category:Populated_coastal_places_in_Algeria	0.7943892057982016
http://dbpedia.org/resource/Category:Port_cities_in_South_America	0.7966986128690824
http://dbpedia.org/resource/Category:Regional_capitals_in_Ghana	0.7970509072987054
http://dbpedia.org/resource/Category:African_Union_member_economies	0.801752107358912
http://dbpedia.org/resource/Category:Underground_Railroad_locations	0.8205313476134446
http://dbpedia.org/resource/Category:European_Union_member_economies	0.8240554188985888
http://dbpedia.org/resource/Category:Capitals_in_Central_America	0.8327138584224809
http://dbpedia.org/resource/Category:Landmarks_in_the_Czech_Republic	0.8373625876881439
http://dbpedia.org/resource/Category:Populated_places_in_Pichincha_Province	0.8519778044619349
http://dbpedia.org/resource/Category:Populated_places_in_Egypt	0.855491580610111
http://dbpedia.org/resource/Category:World_Heritage_Sites_in_Algeria	0.8559365503139861
http://dbpedia.org/resource/Category:Populated_places_established_in_1717	0.8594610802137774
http://dbpedia.org/resource/Category:Regional_capitals_in_Mali	0.8674427298440984
http://dbpedia.org/resource/Category:Populated_coastal_places_in_Bahrain	0.8711840244024751
http://dbpedia.org/resource/Category:Populated_places_established_in_the_5th_century_BC	0.8732871014907118
http://dbpedia.org/resource/Category:Coastal_cities_in_Algeria	0.8733216254474692
http://dbpedia.org/resource/Category:Cities_in_New_South_Wales	0.8758345798036702
http://dbpedia.org/resource/Category:Populated_places_in_Guinea	0.877291416873217
http://dbpedia.org/resource/Category:Populated_places_in_Ho_Chi_Minh_City	0.8792691849713221
http://dbpedia.org/resource/Category:Cities_in_the_West_Midlands_(region)	0.8894955822419315
http://dbpedia.org/resource/Category:Districts_of_Serbia	0.8995098810414757
http://dbpedia.org/resource/Category:Port_cities_and_towns_in_Nigeria	0.9041456467074062
http://dbpedia.org/resource/Category:Populated_places_in_Hanoi	0.9088490395737033
http://dbpedia.org/resource/Category:Cities_in_Vilnius_County	0.9160097832476748
http://dbpedia.org/resource/Category:Populated_places_established_in_1701	0.9246977575300129
http://dbpedia.org/resource/Category:Populated_places_in_Sudan	0.9322356882641902
http://dbpedia.org/resource/Category:Port_settlements_in_Washington_(state)	0.9378843401194593
http://dbpedia.org/resource/Category:Mediterranean_port_cities_and_towns_in_Algeria	0.9384637064667316
http://dbpedia.org/resource/Category:Cities_in_Namibia	0.9403907163266775
http://dbpedia.org/resource/Category:Populated_places_established_in_1580	0.9427735935539253
http://dbpedia.org/resource/Category:Populated_places_on_the_Murrumbidgee_River	0.9437418722101705
http://dbpedia.org/resource/Category:Metropolitan_areas_of_Indonesia	0.9483123181896368
http://dbpedia.org/resource/Category:Provincial_capitals_in_Mozambique	0.9553138048833584
http://dbpedia.org/resource/Category:Port_cities_in_South_Africa	0.9570362134193349
http://dbpedia.org/resource/Category:Federal_cities_of_Russia	0.9573195832451108
http://dbpedia.org/resource/Category:Populated_coastal_places_in_Morocco	0.97364101137949
http://dbpedia.org/resource/Category:Provincial_capitals_in_Sri_Lanka	0.9801139677217404
http://dbpedia.org/resource/Category:Populated_coastal_places_in_South_Africa	0.9887703809069913
http://dbpedia.org/resource/Category:Populated_places_established_in_1535	0.989039443896129
http://dbpedia.org/resource/Category:Statistical_regions_of_Serbia	1.0043187455143419
http://dbpedia.org/resource/Category:Phoenician_sites_in_Lebanon	1.0050284863687102
http://dbpedia.org/resource/Category:Populated_coastal_places_in_Lebanon	1.0072458861438882
http://dbpedia.org/resource/Category:Provincial_capitals_in_Cameroon	1.008877738702016
http://dbpedia.org/resource/Category:Capitals_of_Pakistan	1.0116953675417688
http://dbpedia.org/resource/Category:Archaeological_sites_in_Turkey	1.0248629536029241
http://dbpedia.org/resource/Category:Populated_coastal_places_in_Latvia	1.0427493151759943
http://dbpedia.org/resource/Category:Populated_places_established_in_1550	1.046431690835579
http://dbpedia.org/resource/Category:World_Heritage_Sites_in_Hungary	1.0513249336200707
http://dbpedia.org/resource/Category:Populated_coastal_places_in_New_Zealand	1.0544201074181019
http://dbpedia.org/resource/Category:Former_capitals_of_Bulgaria	1.065895716983627
http://dbpedia.org/resource/Category:Metropolitan_areas_of_Morocco	1.0972770254381994
http://dbpedia.org/resource/Category:Mediterranean_port_cities_and_towns_in_Lebanon	1.0991471807634108
http://dbpedia.org/resource/Category:Roman_towns_and_cities_in_Portugal	1.1203781483311208
http://dbpedia.org/resource/Category:Populated_places_in_Belarus	1.1239916173194155
http://dbpedia.org/resource/Category:Populated_places_established_in_the_5th_century	1.1412929035371366
http://dbpedia.org/resource/Category:Regional_capitals_in_Senegal	1.1551477918012123
http://dbpedia.org/resource/Category:Populated_places_established_in_1703	1.160408734473191
http://dbpedia.org/resource/Category:Populated_coastal_places_in_Qatar	1.1626073813433222
http://dbpedia.org/resource/Category:Federal_Territories_in_Malaysia	1.1682068583905643
http://dbpedia.org/resource/Category:World_Heritage_Sites_in_Tunisia	1.1710575852100238
http://dbpedia.org/resource/Category:Metropolitan_areas_of_the_United_Arab_Emirates	1.174031695257825
http://dbpedia.org/resource/Category:Populated_places_on_Lake_Victoria	1.2041902065561054
http://dbpedia.org/resource/Category:Regions_of_Niger	1.2104107256015604
http://dbpedia.org/resource/Category:Rus_settlements	1.2109848486850516
http://dbpedia.org/resource/Category:Port_cities_and_towns_in_the_Netherlands	1.2153459876803947
http://dbpedia.org/resource/Category:Cities_in_Miami-Dade_County,_Florida	1.222488876766532
http://dbpedia.org/resource/Category:Archaeological_sites_in_Yemen	1.2278299796452448
http://dbpedia.org/resource/Category:Populated_places_established_in_the_1490s	1.2573190220213446
http://dbpedia.org/resource/Category:Municipalities_of_the_San_Salvador_Department	1.2620077508542826
http://dbpedia.org/resource/Category:Municipalities_of_the_Guatemala_Department	1.2679720957550962
http://dbpedia.org/resource/Category:Jewish_villages_in_the_Ottoman_Empire	1.2692527907296902
http://dbpedia.org/resource/Category:Capitals_of_Lithuanian_counties	1.2725925074734314
http://dbpedia.org/resource/Category:Pennsylvania_populated_places_on_the_Ohio_River	1.2882587448544645
http://dbpedia.org/resource/Category:NUTS_3_statistical_regions_of_the_European_Union	1.28834427733862
http://dbpedia.org/resource/Category:Populated_coastal_places_in_Indonesia	1.313062954211464
http://dbpedia.org/resource/Category:Port_cities_and_towns_in_Scotland	1.3148830473371196
http://dbpedia.org/resource/Category:Provinces_of_Mozambique	1.3163750873615212
http://dbpedia.org/resource/Category:Populated_places_established_in_1642	1.3205556201190567
http://dbpedia.org/resource/Category:Populated_places_established_in_1773	1.3397410997224681
http://dbpedia.org/resource/Category:Populated_places_in_the_United_Arab_Emirates	1.3441065633804914
http://dbpedia.org/resource/Category:Port_settlements_in_Quebec	1.3577614759560999
http://dbpedia.org/resource/Category:Populated_coastal_places	1.361342650861529
http://dbpedia.org/resource/Category:Populated_places_established_in_the_18th_century	1.3617350648950501
http://dbpedia.org/resource/Category:Provinces_of_Zimbabwe	1.36811562266872
http://dbpedia.org/resource/Category:1928_Summer_Olympic_venues	1.3720925161329367
http://dbpedia.org/resource/Category:Populated_places_in_the_Lima_Region	1.3862102319241798
http://dbpedia.org/resource/Category:Cities_in_Guangdong	1.3910086967170932
http://dbpedia.org/resource/Category:Populated_places_in_Tehran_County	1.4156543876179652
http://dbpedia.org/resource/Category:Populated_coastal_places_in_the_Republic_of_Ireland	1.4348061594066799
http://dbpedia.org/resource/Category:Cities_in_South_Africa	1.4375711317670743
http://dbpedia.org/resource/Category:Prefectures_of_Morocco	1.4468158808505247
http://dbpedia.org/resource/Category:Populated_places_in_the_Dhaka_Division	1.4525022126434897
http://dbpedia.org/resource/Category:Port_cities_and_towns_in_Saudi_Arabia	1.4525175675831052
http://dbpedia.org/resource/Category:Republican_cities_of_Latvia	1.4560507242939658
http://dbpedia.org/resource/Category:Port_cities_and_towns_in_Denmark	1.4588671343599695
http://dbpedia.org/resource/Category:Populated_places_in_Brunei	1.46781373275374
http://dbpedia.org/resource/Category:Port_cities_in_Vietnam	1.4756552082835745
http://dbpedia.org/resource/Category:Archaeological_sites_in_Georgia_(country)	1.4838732017341714
http://dbpedia.org/resource/Category:Cities_in_Latvia	1.484088974346669
http://dbpedia.org/resource/Category:Port_settlements_in_Ontario	1.4861955704540382
http://dbpedia.org/resource/Category:Archaeological_sites_in_Armenia	1.489064327896995
http://dbpedia.org/resource/Category:States_of_Germany	1.5064570389959933
http://dbpedia.org/resource/Category:Metropolitan_areas_of_Australia	1.512879565871947
http://dbpedia.org/resource/Category:Counties_in_the_San_Francisco_Bay_Area	1.5228686970815501
http://dbpedia.org/resource/Category:Populated_places_established_in_1682	1.5231919898354727
http://dbpedia.org/resource/Category:Cities_in_the_Republic_of_Ireland	1.5388502398655755
http://dbpedia.org/resource/Category:Populated_places_in_the_Greater_Accra_Region	1.5394059112133212
http://dbpedia.org/resource/Category:Cities_in_Liaoning	1.5487591663672493
http://dbpedia.org/resource/Category:Environmental_model_cities	1.5512211675729124
http://dbpedia.org/resource/Category:Port_cities_in_Florida	1.5583386810271371
http://dbpedia.org/resource/Category:Populated_coastal_places_in_Saudi_Arabia	1.5611809769798326
http://dbpedia.org/resource/Category:Populated_places_established_in_the_6th_century	1.5699890674590296
http://dbpedia.org/resource/Category:Populated_places_established_in_the_6th_century_BC	1.5822850293995878
http://dbpedia.org/resource/Category:Port_cities_and_towns_in_Portugal	1.5841788174816505
http://dbpedia.org/resource/Category:Roman_sites_in_Lebanon	1.5900877810458325
http://dbpedia.org/resource/Category:Populated_coastal_places_in_Norway	1.5902750122773115
http://dbpedia.org/resource/Category:Special_Cities_and_Metropolitan_Cities_of_South_Korea	1.6020027777588262
http://dbpedia.org/resource/Category:Populated_places_in_Stockholm_County	1.608235138728729
http://dbpedia.org/resource/Category:World_Heritage_Sites_in_the_Czech_Republic	1.618190451645709
http://dbpedia.org/resource/Category:Urdu-speaking_countries_and_territories	1.6183402487371599
http://dbpedia.org/resource/Category:Populated_places_in_Uzbekistan	1.6518618951039201
http://dbpedia.org/resource/Category:Port_cities_in_Sweden	1.6546920284524396
http://dbpedia.org/resource/Category:Populated_places_in_the_City_of_Cape_Town	1.6617830171945753
http://dbpedia.org/resource/Category:Populated_places_on_Puget_Sound	1.6661175278629465
http://dbpedia.org/resource/Category:Populated_coastal_places_in_China	1.669553322667056
http://dbpedia.org/resource/Category:Regions_of_Belgium	1.6776370804183167
http://dbpedia.org/resource/Category:Port_cities_and_towns_in_Finland	1.6795969003915339
http://dbpedia.org/resource/Category:Populated_places_established_in_the_2nd_millennium_BC	1.7124947554468133
http://dbpedia.org/resource/Category:Populated_places_established_in_1964	1.7127221109022808
http://dbpedia.org/resource/Category:Populated_places_on_Lake_Zurich	1.7168542011500258
http://dbpedia.org/resource/Category:Port_cities_in_Brazil	1.7198307964774129
http://dbpedia.org/resource/Category:Provincial_capitals_in_South_Africa	1.720495637709332
http://dbpedia.org/resource/Category:Municipalities_of_Qatar	1.7261796017331192
http://dbpedia.org/resource/Category:Port_cities_in_the_Arabian_Peninsula	1.7319570051525826
http://dbpedia.org/resource/Category:Provinces_of_Kenya	1.7325205294052333
http://dbpedia.org/resource/Category:Metropolitan_areas_of_Pakistan	1.736639060297241
http://dbpedia.org/resource/Category:Regions_of_Mauritania	1.7556394240577975
http://dbpedia.org/resource/Category:Port_cities_in_New_Zealand	1.7563132232084713
http://dbpedia.org/resource/Category:Populated_places_established_in_the_19th_century	1.7690992685333766
http://dbpedia.org/resource/Category:Cities_of_Pakistan	1.7790417583282632
http://dbpedia.org/resource/Category:Populated_places_established_in_the_3rd_century_BC	1.7869799819284815
http://dbpedia.org/resource/Category:Portuguese_forts	1.8027344228904338
http://dbpedia.org/resource/Category:Populated_places_in_Austria	1.8323398850137531
http://dbpedia.org/resource/Category:Populated_coastal_places_in_Nigeria	1.850823670318483
http://dbpedia.org/resource/Category:Populated_places_in_EThekwini	1.8522137334266058
http://dbpedia.org/resource/Category:Populated_places_in_Lagos_State	1.8802585628013964
http://dbpedia.org/resource/Category:Populated_places_established_in_the_3rd_millennium_BC	1.8947440032217409
http://dbpedia.org/resource/Category:Port_settlements_in_Argentina	1.898585295131701
http://dbpedia.org/resource/Category:State_capitals_in_Sudan	1.8993051933098068
http://dbpedia.org/resource/Category:Populated_places_established_in_1457	1.901072667918218
http://dbpedia.org/resource/Category:World_Heritage_Sites_in_Switzerland	1.9041740162883416
http://dbpedia.org/resource/Category:Populated_coastal_places_in_Hong_Kong	1.9123968969506902
http://dbpedia.org/resource/Category:Populated_places_in_Central_Athens_(regional_unit)	1.929503360175291
http://dbpedia.org/resource/Category:Local_Government_Areas_of_the_Gambia	1.9511656824747488
http://dbpedia.org/resource/Category:County_seats_in_Hungary	1.956456440893476
http://dbpedia.org/resource/Category:Populated_places_established_in_1776	1.9619248013560833
http://dbpedia.org/resource/Category:Populated_places_established_in_1809	1.9696342570896856
http://dbpedia.org/resource/Category:Populated_places_on_the_Schuylkill_River	1.9755144900491133
http://dbpedia.org/resource/Category:Metropolitan_areas_of_Egypt	1.9795331556591105
http://dbpedia.org/resource/Category:Roman_sites_in_Greece	1.9799183684445052
http://dbpedia.org/resource/Category:Populated_places_in_Benin	1.9916296725787705
http://dbpedia.org/resource/Category:Provincial_capitals_in_Angola	1.9936188303419025
http://dbpedia.org/resource/Category:Populated_places_in_the_Democratic_Republic_of_the_Congo	2.0031714477559532
http://dbpedia.org/resource/Category:Phoenician_cities	2.010323581994782
http://dbpedia.org/resource/Category:Port_cities_and_towns_of_the_Irish_Sea	2.0311366483931015
http://dbpedia.org/resource/Category:Provinces_of_Cuba	2.042826747520442
http://dbpedia.org/resource/Category:Greek_regional_capitals	2.060769478444616
http://dbpedia.org/resource/Category:Regions_of_Chad	2.061811913946476
http://dbpedia.org/resource/Category:Prefectures_of_the_Central_African_Republic	2.073896138130911
http://dbpedia.org/resource/Category:Regions_of_Mali	2.0744952020370824
http://dbpedia.org/resource/Category:Local_government_districts_of_the_West_Midlands_(region)	2.078080106358603
http://dbpedia.org/resource/Category:Ports_and_harbours_of_the_Indian_Ocean	2.084865419064675
http://dbpedia.org/resource/Category:Populated_places_in_Botswana	2.095439282103997
http://dbpedia.org/resource/Category:Populated_places_in_Mauritius	2.1020695780184733
http://dbpedia.org/resource/Category:Populated_places_in_Kuwait	2.1267461703654638
http://dbpedia.org/resource/Category:World_Heritage_Sites_in_Austria	2.1339095455727866
http://dbpedia.org/resource/Category:Populated_places_in_the_City_of_Zagreb	2.167965414860032
http://dbpedia.org/resource/Category:Subdivisions_of_Ukraine	2.171157666765049
http://dbpedia.org/resource/Category:Regional_capitals_in_Madagascar	2.1758074746998837
http://dbpedia.org/resource/Category:Isthmuses	2.1778941081613494
http://dbpedia.org/resource/Category:Regions_of_Georgia_(country)	2.1985554933313676
http://dbpedia.org/resource/Category:Cities_in_the_Republic_of_Macedonia	2.200350073646504
http://dbpedia.org/resource/Category:Populated_coastal_places_in_the_United_Arab_Emirates	2.2167733453927436
http://dbpedia.org/resource/Category:World_Trade_Organization_member_economies	2.217516700693478
http://dbpedia.org/resource/Category:Counties_of_Croatia	2.2262109321277728
http://dbpedia.org/resource/Category:Atlanta_metropolitan_area_cities	2.229278063351233
http://dbpedia.org/resource/Category:Port_cities_and_towns_in_Indonesia	2.235378081626977
http://dbpedia.org/resource/Category:Archaeological_sites_in_Jordan	2.242226714821804
http://dbpedia.org/resource/Category:Populated_places_established_in_1624	2.260131542293924
http://dbpedia.org/resource/Category:Populated_places_established_in_1896	2.2840637756791664
http://dbpedia.org/resource/Category:Populated_places_on_the_Amazon	2.288705474731999
http://dbpedia.org/resource/Category:World_Heritage_Sites_in_Mexico	2.293202205152882
http://dbpedia.org/resource/Category:Populated_places_established_in_1900	2.3123956186144414
http://dbpedia.org/resource/Category:Cities_in_Algeria	2.3146547209975217
http://dbpedia.org/resource/Category:County_seats_in_Washington_(state)	2.331367012401138
http://dbpedia.org/resource/Category:Provincial_capitals_in_Ecuador	2.3318262114960584
http://dbpedia.org/resource/Category:Cities_in_Jiangsu	2.3354213573009277
http://dbpedia.org/resource/Category:Populated_coastal_places_in_Greece	2.338832484551646
http://dbpedia.org/resource/Category:Port_cities_and_towns_of_the_Red_Sea	2.3516547690380962
http://dbpedia.org/resource/Category:County_seats_in_Massachusetts	2.3756152091981138
http://dbpedia.org/resource/Category:Populated_places_in_Malawi	2.3963630456781235
http://dbpedia.org/resource/Category:Populated_places_established_in_1826	2.399642625866562
http://dbpedia.org/resource/Category:Populated_places_in_the_Amman_Governorate	2.4008708410477158
http://dbpedia.org/resource/Category:Municipal_seats_of_Stockholm_County	2.401386054457224
http://dbpedia.org/resource/Category:Populated_places_in_Lagunes	2.404746863071161
http://dbpedia.org/resource/Category:Regions_of_Ethiopia	2.420240940621737
http://dbpedia.org/resource/Category:Populated_places_established_in_the_8th_century_BC	2.423501001164306
http://dbpedia.org/resource/Category:Municipal_seats_in_Capital_Region_of_Denmark	2.471761928791362
http://dbpedia.org/resource/Category:Port_cities_and_towns_in_South_Korea	2.471955663069352
http://dbpedia.org/resource/Category:Populated_places_established_in_1845	2.4780468719012663
http://dbpedia.org/resource/Category:Populated_places_established_in_1630	2.4812284160166427
http://dbpedia.org/resource/Category:Prefectures_of_Guinea	2.4826455786939223
http://dbpedia.org/resource/Category:Populated_places_on_the_Yangtze_River	2.493651178192113
http://dbpedia.org/resource/Category:Populated_places_established_in_1899	2.5170373127057095
http://dbpedia.org/resource/Category:Census-designated_places_in_Honolulu_County,_Hawaii	2.5819816692912596
http://dbpedia.org/resource/Category:States_and_territories_established_in_1997	2.6096281383559186
http://dbpedia.org/resource/Category:Metropolitan_cities_in_India	2.6324880205052086
http://dbpedia.org/resource/Category:NUTS_3_statistical_regions_of_the_United_Kingdom	2.633110562891246
http://dbpedia.org/resource/Category:Cities_in_Saxony	2.641375580991369
http://dbpedia.org/resource/Category:Populated_places_on_the_Mekong_River	2.6830599198990877
http://dbpedia.org/resource/Category:Populated_coastal_places_in_Texas	2.6835196827831234
http://dbpedia.org/resource/Category:Tamil-speaking_countries_and_territories	2.6863584543880883
http://dbpedia.org/resource/Category:Populated_places_established_in_1781	2.6877167200960037
http://dbpedia.org/resource/Category:States_of_the_North_German_Confederation	2.7065234099176223
http://dbpedia.org/resource/Category:Populated_coastal_places_in_India	2.7120386616353853
http://dbpedia.org/resource/Category:Provincial_capitals_of_Saudi_Arabia	2.7210880223403264
http://dbpedia.org/resource/Category:Counties_of_Kenya	2.7312893662209965
http://dbpedia.org/resource/Category:Populated_places_established_in_1793	2.7494093612959345
http://dbpedia.org/resource/Category:Populated_places_established_in_the_10th_century	2.763233111519756
http://dbpedia.org/resource/Category:Australian_capital_cities	2.7658513219790395
http://dbpedia.org/resource/Category:Mediterranean_port_cities_and_towns_in_Spain	2.7830952720266766
http://dbpedia.org/resource/Category:University_towns_in_the_United_Kingdom	2.8039706146099306
http://dbpedia.org/resource/Category:Populated_places_on_Lake_Geneva	2.815576270302973
http://dbpedia.org/resource/Category:Port_cities_and_towns_of_the_Persian_Gulf	2.829397241244604
http://dbpedia.org/resource/Category:Cities_in_Osaka_Prefecture	2.844871571646135
http://dbpedia.org/resource/Category:Populated_places_established_in_1816	2.8519444480016394
http://dbpedia.org/resource/Category:Independent_cities	2.8664801738004213
http://dbpedia.org/resource/Category:Port_cities_in_India	2.8816711121526537
http://dbpedia.org/resource/Category:Populated_coastal_places_in_Russia	2.8958702872120616
http://dbpedia.org/resource/Category:Populated_places_established_in_1819	2.9461367830815037
http://dbpedia.org/resource/Category:Port_cities_and_towns_in_Norway	2.950711344686573
http://dbpedia.org/resource/Category:Populated_places_established_in_1841	2.960043439596542
http://dbpedia.org/resource/Category:Populated_places_established_in_1880	2.99449749181469
http://dbpedia.org/resource/Category:Populated_places_in_Ancient_Greece	3.021762937037761
http://dbpedia.org/resource/Category:Populated_places_established_in_the_4th_century_BC	3.043792726848372
http://dbpedia.org/resource/Category:Cities_in_the_Seattle_metropolitan_area	3.04594513937125
http://dbpedia.org/resource/Category:Populated_places_established_in_1788	3.066146379208109
http://dbpedia.org/resource/Category:Cities_in_Tehran_Province	3.081418240135619
http://dbpedia.org/resource/Category:Populated_places_established_in_1825	3.090678552469157
http://dbpedia.org/resource/Category:Wine_regions_of_Austria	3.0982607182697395
http://dbpedia.org/resource/Category:Railway_junction_stations_in_India	3.107858610823259
http://dbpedia.org/resource/Category:Populated_places_in_Lahore_District	3.1235817188038237
http://dbpedia.org/resource/Category:Metropolitan_areas_of_China	3.1451830244345893
http://dbpedia.org/resource/Category:County_towns_in_the_Republic_of_Ireland	3.15129278176791
http://dbpedia.org/resource/Category:Populated_places_on_the_Caspian_Sea	3.1674578257127686
http://dbpedia.org/resource/Category:Port_cities_and_towns_in_Russia	3.195677050764931
http://dbpedia.org/resource/Category:Populated_places_in_the_Gambia	3.221602420701093
http://dbpedia.org/resource/Category:Populated_places_established_in_1824	3.2560528619870746
http://dbpedia.org/resource/Category:Provinces_of_Cambodia	3.260320002716185
http://dbpedia.org/resource/Category:County_seats_in_Minnesota	3.2678943087942147
http://dbpedia.org/resource/Category:Hero_Cities_of_the_Soviet_Union	3.285795402395046
http://dbpedia.org/resource/Category:Coastal_cities_and_towns_in_Sweden	3.2972643665549666
http://dbpedia.org/resource/Category:Cities_in_Central_Asia	3.312711493992699
http://dbpedia.org/resource/Category:Populated_places_in_Zambia	3.3158940074900767
http://dbpedia.org/resource/Category:Populated_places_in_the_Republic_of_the_Congo	3.356991285203592
http://dbpedia.org/resource/Category:Capitals_in_Oceania	3.377786160667424
http://dbpedia.org/resource/Category:Capitals_in_South_America	3.3818225393580845
http://dbpedia.org/resource/Category:Amarna_letters_locations	3.4285803339462166
http://dbpedia.org/resource/Category:Populated_places_in_Chad	3.437310425299029
http://dbpedia.org/resource/Category:State_capitals_in_Brazil	3.4418570554950954
http://dbpedia.org/resource/Category:Populated_places_in_Mozambique	3.449844443679694
http://dbpedia.org/resource/Category:Populated_places_established_in_1913	3.464449622667424
http://dbpedia.org/resource/Category:Populated_places_on_the_Fraser_River	3.472239535613181
http://dbpedia.org/resource/Category:Provinces_of_Bulgaria	3.4795687723935633
http://dbpedia.org/resource/Category:Populated_places_in_the_Central_African_Republic	3.533016211295409
http://dbpedia.org/resource/Category:Districts_of_Scotland	3.5378560692780985
http://dbpedia.org/resource/Category:Former_capitals_of_the_United_States	3.543250800864232
http://dbpedia.org/resource/Category:Populated_places_in_Qatar	3.543774563604036
http://dbpedia.org/resource/Category:Coastal_cities_in_Australia	3.594583255909282
http://dbpedia.org/resource/Category:Populated_places_established_in_1821	3.6235729073286644
http://dbpedia.org/resource/Category:Provincial_capitals_in_China	3.6377394204209947
http://dbpedia.org/resource/Category:Port_cities_in_Africa	3.6557697299696574
http://dbpedia.org/resource/Category:Populated_places_in_Riyadh_Province	3.6611401638750865
http://dbpedia.org/resource/Category:Populated_coastal_places_in_Massachusetts	3.6644936564359587
http://dbpedia.org/resource/Category:States_and_territories_established_in_1815	3.6762679878435782
http://dbpedia.org/resource/Category:Populated_places_established_in_the_1st_century	3.681340048201203
http://dbpedia.org/resource/Category:Port_cities_and_towns_in_Germany	3.6849436683645496
http://dbpedia.org/resource/Category:Cities_in_Pennsylvania	3.69258072273697
http://dbpedia.org/resource/Category:Cities_in_Madagascar	3.7261671653991506
http://dbpedia.org/resource/Category:Archaeological_sites_in_Lebanon	3.7267368071634537
http://dbpedia.org/resource/Category:Populated_places_established_in_the_11th_century	3.7566585911293378
http://dbpedia.org/resource/Category:Populated_places_established_in_1842	3.764850524995179
http://dbpedia.org/resource/Category:County_seats_in_Michigan	3.778436333278539
http://dbpedia.org/resource/Category:Metropolitan_boroughs	3.788374641903959
http://dbpedia.org/resource/Category:Populated_places_in_Amazonas_(Brazilian_state)	3.789712914688848
http://dbpedia.org/resource/Category:Populated_places_established_in_the_9th_century	3.799628332428056
http://dbpedia.org/resource/Category:Minnesota_populated_places_on_the_Mississippi_River	3.804862650095464
http://dbpedia.org/resource/Category:Populated_places_in_Bahrain	3.808108868608385
http://dbpedia.org/resource/Category:Cantonal_capitals_of_Switzerland	3.8128933334027737
http://dbpedia.org/resource/Category:Populated_coastal_places_in_Finland	3.837494048506077
http://dbpedia.org/resource/Category:Populated_places_established_in_1890	3.862955362461345
http://dbpedia.org/resource/Category:Planned_cities	3.8709550788405624
http://dbpedia.org/resource/Category:Cities_in_Massachusetts	3.9139483763181753
http://dbpedia.org/resource/Category:Populated_places_established_in_1884	3.9453860497015847
http://dbpedia.org/resource/Category:Populated_places_established_in_the_8th_century	3.9587698634513866
http://dbpedia.org/resource/Category:Governorate_capitals_in_Egypt	3.9940821054425557
http://dbpedia.org/resource/Category:Spa_towns_in_Germany	4.004076183881239
http://dbpedia.org/resource/Category:Populated_places_established_in_1840	4.08146516187503
http://dbpedia.org/resource/Category:Staple_ports	4.172899224605089
http://dbpedia.org/resource/Category:Cities_in_Lithuania	4.229382525373075
http://dbpedia.org/resource/Category:Cities_and_towns_in_Capital_Region_of_Denmark	4.251208567387735
http://dbpedia.org/resource/Category:States_of_the_German_Empire	4.263618926055129
http://dbpedia.org/resource/Category:Neolithic_settlements	4.268636645473991
http://dbpedia.org/resource/Category:Cities_and_towns_in_Estonia	4.270221940448203
http://dbpedia.org/resource/Category:High-technology_business_districts	4.279969240545062
http://dbpedia.org/resource/Category:Counties_of_Norway	4.34271666740726
http://dbpedia.org/resource/Category:Regions_of_Europe_with_multiple_official_languages	4.350946918059323
http://dbpedia.org/resource/Category:Populated_places_established_in_the_1st_millennium_BC	4.357685076749046
http://dbpedia.org/resource/Category:County_seats_in_Pennsylvania	4.413319799773981
http://dbpedia.org/resource/Category:Populated_places_in_Limassol_District	4.456505625869709
http://dbpedia.org/resource/Category:Populated_places_established_in_1833	4.45710687430741
http://dbpedia.org/resource/Category:Roman_sites_in_Spain	4.466825959651977
http://dbpedia.org/resource/Category:Roman_sites_in_Turkey	4.488272318611098
http://dbpedia.org/resource/Category:Populated_places_established_in_1848	4.504581475443391
http://dbpedia.org/resource/Category:Port_cities_in_the_Caribbean	4.558293023422819
http://dbpedia.org/resource/Category:Populated_places_established_in_1907	4.565167919144146
http://dbpedia.org/resource/Category:Lieutenancy_areas_of_Scotland	4.589331712910667
http://dbpedia.org/resource/Category:County_seats_in_Florida	4.595944336543097
http://dbpedia.org/resource/Category:States_of_the_Weimar_Republic	4.597568048945084
http://dbpedia.org/resource/Category:States_of_Austria	4.640921337425505
http://dbpedia.org/resource/Category:Populated_places_established_in_1855	4.641987431329825
http://dbpedia.org/resource/Category:British_capitals	4.655828648014687
http://dbpedia.org/resource/Category:Hebrew_Bible_cities	4.657783925472708
http://dbpedia.org/resource/Category:Populated_places_in_Western_Province,_Sri_Lanka	4.6803912081441
http://dbpedia.org/resource/Category:Populated_places_established_in_1835	4.6889480911551065
http://dbpedia.org/resource/Category:Port_cities_and_towns_in_China	4.707792643289514
http://dbpedia.org/resource/Category:Populated_places_established_in_1881	4.7202222928363105
http://dbpedia.org/resource/Category:World_Heritage_Sites_in_Russia	4.733536880469685
http://dbpedia.org/resource/Category:Cities_in_Iraq	4.739130548661418
http://dbpedia.org/resource/Category:Malay-speaking_countries_and_territories	4.794462763035893
http://dbpedia.org/resource/Category:Port_cities_in_Australia	4.831227433343297
http://dbpedia.org/resource/Category:German_state_capitals	4.870053867642269
http://dbpedia.org/resource/Category:Populated_places_established_in_1886	4.882363163601879
http://dbpedia.org/resource/Category:Populated_places_in_La_Paz_Department_(Bolivia)	4.904982359314699
http://dbpedia.org/resource/Category:Populated_places_established_in_1889	4.954634025012254
http://dbpedia.org/resource/Category:Early_American_industrial_centers	4.955416359791741
http://dbpedia.org/resource/Category:Populated_places_established_in_1905	4.981112784882735
http://dbpedia.org/resource/Category:Communes_of_Benin	5.040674389290117
http://dbpedia.org/resource/Category:California_counties	5.051825840243174
http://dbpedia.org/resource/Category:Populated_places_in_Uganda	5.058724724882593
http://dbpedia.org/resource/Category:Populated_places_established_in_1856	5.14079005838936
http://dbpedia.org/resource/Category:Provinces_of_Thailand	5.148863164938158
http://dbpedia.org/resource/Category:Populated_places_in_Sindh	5.150940822534115
http://dbpedia.org/resource/Category:States_and_territories_established_in_1965	5.217465263981431
http://dbpedia.org/resource/Category:Council_areas_of_Scotland	5.22567495302614
http://dbpedia.org/resource/Category:Populated_places_established_in_1873	5.248126911328922
http://dbpedia.org/resource/Category:Cities_in_the_Great_Rift_Valley	5.2502079182944446
http://dbpedia.org/resource/Category:Populated_places_on_the_Saint_Lawrence_River	5.303386251181513
http://dbpedia.org/resource/Category:Populated_places_in_Chuy_Province	5.3220963623436885
http://dbpedia.org/resource/Category:Cities_in_New_York	5.41397338374413
http://dbpedia.org/resource/Category:Municipalities_in_the_Community_of_Madrid	5.431290270659832
http://dbpedia.org/resource/Category:Populated_places_established_in_the_13th_century	5.445204849974116
http://dbpedia.org/resource/Category:County_seats_in_Illinois	5.46084727948951
http://dbpedia.org/resource/Category:Populated_places_established_in_1876	5.47833864301259
http://dbpedia.org/resource/Category:Subdivisions_of_Belarus	5.511001678201461
http://dbpedia.org/resource/Category:Cities_and_towns_in_Croatia	5.512339522338902
http://dbpedia.org/resource/Category:States_of_Mexico	5.516948041456846
http://dbpedia.org/resource/Category:Populated_places_in_Senegal	5.669669456676761
http://dbpedia.org/resource/Category:Populated_places_established_in_1854	5.704451957754343
http://dbpedia.org/resource/Category:Provinces_of_Argentina	5.737072497485386
http://dbpedia.org/resource/Category:Autonomous_regions	5.775574660559307
http://dbpedia.org/resource/Category:Cities_and_towns_in_Slovakia	5.876397681249034
http://dbpedia.org/resource/Category:Populated_places_established_in_1857	5.893892979035562
http://dbpedia.org/resource/Category:Populated_places_established_in_1867	5.975942921971805
http://dbpedia.org/resource/Category:Cities_in_Los_Angeles_County,_California	6.005748939760222
http://dbpedia.org/resource/Category:Cities_and_towns_in_Norway	6.006694888144927
http://dbpedia.org/resource/Category:Cities_in_the_San_Francisco_Bay_Area	6.055321946996206
http://dbpedia.org/resource/Category:Populated_places_in_Tirana_County	6.24096771384546
http://dbpedia.org/resource/Category:Populated_places_in_Mauritania	6.241603005882867
http://dbpedia.org/resource/Category:Populated_places_in_Johor	6.304079914317585
http://dbpedia.org/resource/Category:County_seats_in_California	6.3927458558413015
http://dbpedia.org/resource/Category:Planned_capitals	6.428017324364452
http://dbpedia.org/resource/Category:Populated_places_in_Zimbabwe	6.433644712314384
http://dbpedia.org/resource/Category:Capitals_in_North_America	6.454569659956099
http://dbpedia.org/resource/Category:Populated_places_in_the_Dominican_Republic	6.4754804041742435
http://dbpedia.org/resource/Category:County_seats_in_Georgia_(U.S._state)	6.54400620208643
http://dbpedia.org/resource/Category:Municipal_seats_of_Denmark	6.609818648998687
http://dbpedia.org/resource/Category:Cities_in_Washington_(state)	6.704617267279392
http://dbpedia.org/resource/Category:Imperial_free_cities	6.719316615586682
http://dbpedia.org/resource/Category:Populated_places_on_the_Hudson_River	6.75842110945514
http://dbpedia.org/resource/Category:Greek_prefectural_capitals	6.891938942544399
http://dbpedia.org/resource/Category:Populated_places_in_Makkah_Province	6.95206601912151
http://dbpedia.org/resource/Category:Capital_districts_and_territories	7.016360845174521
http://dbpedia.org/resource/Category:Planned_cities_in_the_United_States	7.040942276060624
http://dbpedia.org/resource/Category:Populated_places_established_in_1853	7.401721243989333
http://dbpedia.org/resource/Category:States_of_the_German_Confederation	7.414231741568604
http://dbpedia.org/resource/Category:Prefectures_of_Japan	7.467802562193993
http://dbpedia.org/resource/Category:Viking_Age_populated_places	7.628036871263863
http://dbpedia.org/resource/Category:Municipalities_of_Angola	7.632380476523547
http://dbpedia.org/resource/Category:Capitals_in_the_Caribbean	7.71289794124094
http://dbpedia.org/resource/Category:Populated_coastal_places_in_California	7.8422143707741965
http://dbpedia.org/resource/Category:Populated_coastal_places_in_Turkey	7.894783548003026
http://dbpedia.org/resource/Category:Populated_places_established_in_1836	8.083927834604758
http://dbpedia.org/resource/Category:Cities_and_towns_in_Finland	8.090423793712516
http://dbpedia.org/resource/Category:Populated_places_on_the_Danube	8.127017311186231
http://dbpedia.org/resource/Category:Chinese-speaking_countries_and_territories	8.195738307837365
http://dbpedia.org/resource/Category:Cities_in_Portugal	8.553022890083998
http://dbpedia.org/resource/Category:Iranian_provincial_capitals	8.62500305974919
http://dbpedia.org/resource/Category:Cities_in_the_Netherlands	8.693014384175605
http://dbpedia.org/resource/Category:Populated_places_in_Niger	8.799131851924084
http://dbpedia.org/resource/Category:Populated_places_in_North_Holland	9.026480706017542
http://dbpedia.org/resource/Category:Cities_in_Vietnam	9.068516837915057
http://dbpedia.org/resource/Category:Cities_in_Romania	9.10720502154629
http://dbpedia.org/resource/Category:Regions_of_the_Czech_Republic	9.276847089439261
http://dbpedia.org/resource/Category:Cities_in_Indonesia	9.492218959870122
http://dbpedia.org/resource/Category:Member_states_of_the_Association_of_Southeast_Asian_Nations	9.60211221191975
http://dbpedia.org/resource/Category:Port_cities_and_towns_of_the_Baltic_Sea	9.776223096147072
http://dbpedia.org/resource/Category:County_seats_in_Texas	9.855509207686369
http://dbpedia.org/resource/Category:Southeast_Asian_countries	9.99235087449732
http://dbpedia.org/resource/Category:Cities_in_Michigan	10.065099998112437
http://dbpedia.org/resource/Category:City_counties_of_Poland	10.192055453406718
http://dbpedia.org/resource/Category:Populated_places_in_Nicaragua	10.429330725575388
http://dbpedia.org/resource/Category:Former_national_capitals	10.4914129578862
http://dbpedia.org/resource/Category:Cities_in_Switzerland	10.570262930585162
http://dbpedia.org/resource/Category:Populated_places_in_Tajikistan	10.57897426392761
http://dbpedia.org/resource/Category:Populated_places_in_Azerbaijan	10.587765078324638
http://dbpedia.org/resource/Category:Capitals_in_Africa	10.750726883136297
http://dbpedia.org/resource/Category:Populated_places_on_the_Great_Lakes	10.903838259613075
http://dbpedia.org/resource/Category:Member_states_of_the_Arab_League	10.973070230373944
http://dbpedia.org/resource/Category:World_Heritage_Sites_in_France	11.07460860269389
http://dbpedia.org/resource/Category:Populated_places_in_Cameroon	11.177149168579469
http://dbpedia.org/resource/Category:Holy_cities	11.269488997775639
http://dbpedia.org/resource/Category:Port_settlements_in_Japan	11.460748285855004
http://dbpedia.org/resource/Category:Port_cities_and_towns_of_the_North_Sea	11.622754071083229
http://dbpedia.org/resource/Category:Municipalities_of_Portugal	12.147664914111656
http://dbpedia.org/resource/Category:Arabic-speaking_countries_and_territories	12.781629442533957
http://dbpedia.org/resource/Category:Cities_in_Georgia_(U.S._state)	13.050842620972801
http://dbpedia.org/resource/Category:Ancient_cities	13.383802333121675
http://dbpedia.org/resource/Category:Populated_places_in_El_Salvador	13.411636846767983
http://dbpedia.org/resource/Category:Cities_in_Illinois	13.566466458215416
http://dbpedia.org/resource/Category:Populated_places_in_Guatemala	13.684088460205224
http://dbpedia.org/resource/Category:District_capitals_in_Vietnam	13.994873521231288
http://dbpedia.org/resource/Category:Counties_of_Romania	14.021396091281034
http://dbpedia.org/resource/Category:Capitals_in_Asia	14.215750141396216
http://dbpedia.org/resource/Category:Cities_and_towns_in_Masovian_Voivodeship	14.3525655617376
http://dbpedia.org/resource/Category:Capitals_of_former_nations	14.36724034593189
http://dbpedia.org/resource/Category:Populated_places_in_Honduras	14.56647520828982
http://dbpedia.org/resource/Category:Historic_Jewish_communities	15.047029533803839
http://dbpedia.org/resource/Category:Populated_coastal_places_in_Japan	15.272036935865671
http://dbpedia.org/resource/Category:Swedish_municipal_seats	15.732856125395564
http://dbpedia.org/resource/Category:University_towns_in_the_United_States	15.794411093451902
http://dbpedia.org/resource/Category:NUTS_1_statistical_regions_of_the_European_Union	16.60575495455821
http://dbpedia.org/resource/Category:States_of_the_Holy_Roman_Empire	17.204380704695733
http://dbpedia.org/resource/Category:Cities_in_Minnesota	17.954702271451644
http://dbpedia.org/resource/Category:Divided_regions	19.437666295191942
http://dbpedia.org/resource/Category:Prefectures_in_France	20.21094655284599
http://dbpedia.org/resource/Category:Least_developed_countries	20.791855017435918
http://dbpedia.org/resource/Category:Populated_coastal_places_in_Canada	22.31463234863861
http://dbpedia.org/resource/Category:Capitals_in_Europe	22.618543476005414
http://dbpedia.org/resource/Category:Populated_places_in_New_Zealand	23.95499634073878
http://dbpedia.org/resource/Category:Incorporated_cities_and_towns_in_California	24.074847643586693
http://dbpedia.org/resource/Category:Member_states_of_the_African_Union	24.106337579256152
http://dbpedia.org/resource/Category:Landlocked_countries	24.257330954437165
http://dbpedia.org/resource/Category:Cities_in_Texas	26.698117173148436
http://dbpedia.org/resource/Category:Member_states_of_La_Francophonie	29.356990395292957
http://dbpedia.org/resource/Category:Railway_stations_in_Pakistan	29.556196426245467
http://dbpedia.org/resource/Category:Ancient_Greek_cities	31.334214823379707
http://dbpedia.org/resource/Category:Cities_and_towns_in_the_Czech_Republic	31.45511595023827
http://dbpedia.org/resource/Category:Member_states_of_the_Organisation_of_Islamic_Cooperation	31.55659189909189
http://dbpedia.org/resource/Category:Member_states_of_the_European_Union	33.26790151007305
http://dbpedia.org/resource/Category:Member_states_of_the_Commonwealth_of_Nations	35.69440068369156
http://dbpedia.org/resource/Category:Member_states_of_the_Union_for_the_Mediterranean	39.064199807539936
http://dbpedia.org/resource/Category:Member_states_of_NATO	44.05854367641753
http://dbpedia.org/resource/Category:NUTS_2_statistical_regions_of_the_European_Union	45.86755870393981
http://dbpedia.org/resource/Category:Island_countries	46.3738760223948
http://dbpedia.org/resource/Category:Districts_of_Azerbaijan	54.14025168650186
http://dbpedia.org/resource/Category:English-speaking_countries_and_territories	58.6509084091644
http://dbpedia.org/resource/Category:Cities_in_Iran	90.76344979553276
http://dbpedia.org/resource/Category:Member_states_of_the_United_Nations	147.66141060512453
