id,orig,uri,friendly,used,pagerank
0.0,Dbpedia_URL_type_http://dbpedia.org/class/yago/SocialistStates,https://en.wikipedia.org/wiki/Category:Socialist_states,SocialistStates,True,3.463045734366025
1.0,Dbpedia_URL_type_http://dbpedia.org/class/yago/StatesAndTerritoriesEstablishedIn1565,https://en.wikipedia.org/wiki/Category:States_and_territories_established_in_1565,StatesAndTerritoriesEstablishedIn1565,False,1.6736830631852897
2.0,Dbpedia_URL_type_http://dbpedia.org/class/yago/CountriesOfTheMediterraneanSea,,CountriesOfTheMediterraneanSea,False,
3.0,Dbpedia_URL_type_http://dbpedia.org/class/yago/Spanish-speakingCountries,,SpanishspeakingCountries,False,
4.0,Dbpedia_URL_type_http://dbpedia.org/class/yago/IslandsOfTheIndianOcean,https://en.wikipedia.org/wiki/Category:Islands_of_the_Indian_Ocean,IslandsOfTheIndianOcean,True,5.458214984030414
5.0,Dbpedia_URL_type_http://dbpedia.org/class/yago/Urdu-speakingCountriesAndTerritories,https://en.wikipedia.org/wiki/Category:Urdu-speaking_countries_and_territories,UrduspeakingCountriesAndTerritories,False,1.6183402487371599
6.0,Dbpedia_URL_type_http://dbpedia.org/class/yago/YagoLegalActorGeo,,YagoLegalActorGeo,False,
7.0,Dbpedia_URL_type_http://dbpedia.org/class/yago/IslandsOfIceland,https://en.wikipedia.org/wiki/Category:Islands_of_Iceland,IslandsOfIceland,False,1.4503868850842654
8.0,Dbpedia_URL_type_http://dbpedia.org/class/yago/EuropeanCountries,,EuropeanCountries,True,
9.0,Dbpedia_URL_type_http://dbpedia.org/class/yago/StatesAndTerritoriesEstablishedIn1960,https://en.wikipedia.org/wiki/Category:States_and_territories_established_in_1960,StatesAndTerritoriesEstablishedIn1960,True,10.248439526814055
10.0,Dbpedia_URL_type_http://dbpedia.org/class/yago/StatesAndTerritoriesEstablishedIn1961,https://en.wikipedia.org/wiki/Category:States_and_territories_established_in_1961,StatesAndTerritoriesEstablishedIn1961,False,2.5807048230632437
11.0,Dbpedia_URL_type_http://dbpedia.org/class/yago/StatesAndTerritoriesEstablishedIn1964,https://en.wikipedia.org/wiki/Category:States_and_territories_established_in_1964,StatesAndTerritoriesEstablishedIn1964,False,2.6033808200689372
12.0,Dbpedia_URL_type_http://dbpedia.org/class/yago/Malay-speakingCountriesAndTerritories,https://en.wikipedia.org/wiki/Category:Malay-speaking_countries_and_territories,MalayspeakingCountriesAndTerritories,True,4.794462763035893
13.0,Dbpedia_URL_type_http://dbpedia.org/class/yago/StatesAndTerritoriesEstablishedIn1965,https://en.wikipedia.org/wiki/Category:States_and_territories_established_in_1965,StatesAndTerritoriesEstablishedIn1965,False,5.217465263981431
14.0,Dbpedia_URL_type_http://dbpedia.org/class/yago/StatesAndTerritoriesEstablishedIn1962,https://en.wikipedia.org/wiki/Category:States_and_territories_established_in_1962,StatesAndTerritoriesEstablishedIn1962,True,4.289349562824374
15.0,Dbpedia_URL_type_http://dbpedia.org/class/yago/StatesAndTerritoriesEstablishedIn1963,https://en.wikipedia.org/wiki/Category:States_and_territories_established_in_1963,StatesAndTerritoriesEstablishedIn1963,True,3.5026551200391607
16.0,Dbpedia_URL_type_http://dbpedia.org/class/yago/StatesAndTerritoriesEstablishedIn1968,https://en.wikipedia.org/wiki/Category:States_and_territories_established_in_1968,StatesAndTerritoriesEstablishedIn1968,False,2.0194236848217604
17.0,Dbpedia_URL_type_http://dbpedia.org/class/yago/StatesAndTerritoriesEstablishedIn1966,https://en.wikipedia.org/wiki/Category:States_and_territories_established_in_1966,StatesAndTerritoriesEstablishedIn1966,True,2.581981632649552
18.0,Dbpedia_URL_type_http://dbpedia.org/class/yago/StatesAndTerritoriesEstablishedIn1949,https://en.wikipedia.org/wiki/Category:States_and_territories_established_in_1949,StatesAndTerritoriesEstablishedIn1949,False,9.560743509489697
19.0,Dbpedia_URL_type_http://dbpedia.org/class/yago/StatesAndTerritoriesEstablishedIn1948,https://en.wikipedia.org/wiki/Category:States_and_territories_established_in_1948,StatesAndTerritoriesEstablishedIn1948,False,5.949228175442316
20.0,Dbpedia_URL_type_http://dbpedia.org/class/yago/Single-partyStates,https://en.wikipedia.org/wiki/Category:Single-party_states,SinglepartyStates,False,14.679722567974832
21.0,Dbpedia_URL_type_http://dbpedia.org/class/yago/MemberStatesOfTheCommonwealthOfIndependentStates,https://en.wikipedia.org/wiki/Category:Member_states_of_the_Commonwealth_of_Independent_States,MemberStatesOfTheCommonwealthOfIndependentStates,False,6.275666534110172
22.0,Dbpedia_URL_type_http://dbpedia.org/class/yago/IslandsOfBarbados,https://en.wikipedia.org/wiki/Category:Islands_of_Barbados,IslandsOfBarbados,False,0.5365246668763733
23.0,Dbpedia_URL_type_http://dbpedia.org/class/yago/Empires,https://en.wikipedia.org/wiki/Category:Empires,Empires,False,2.679392396084194
24.0,Dbpedia_URL_type_http://dbpedia.org/class/yago/StatesAndTerritoriesEstablishedIn1953,https://en.wikipedia.org/wiki/Category:States_and_territories_established_in_1953,StatesAndTerritoriesEstablishedIn1953,False,1.2470830250207507
25.0,Dbpedia_URL_type_http://dbpedia.org/class/yago/MemberStatesOfTheCouncilOfEurope,https://en.wikipedia.org/wiki/Category:Member_states_of_the_Council_of_Europe,MemberStatesOfTheCouncilOfEurope,True,17.12905373042368
26.0,Dbpedia_URL_type_http://dbpedia.org/class/yago/StatesAndTerritoriesEstablishedIn1955,https://en.wikipedia.org/wiki/Category:States_and_territories_established_in_1955,StatesAndTerritoriesEstablishedIn1955,False,3.1010466385560695
27.0,Dbpedia_URL_type_http://dbpedia.org/class/yago/Persian-speakingCountriesAndTerritories,https://en.wikipedia.org/wiki/Category:Persian-speaking_countries_and_territories,PersianspeakingCountriesAndTerritories,False,4.305221712225585
28.0,Dbpedia_URL_type_http://dbpedia.org/class/yago/StatesAndTerritoriesEstablishedIn1956,https://en.wikipedia.org/wiki/Category:States_and_territories_established_in_1956,StatesAndTerritoriesEstablishedIn1956,True,4.400008316475439
29.0,Dbpedia_URL_type_http://dbpedia.org/class/yago/StatesAndTerritoriesEstablishedIn1957,https://en.wikipedia.org/wiki/Category:States_and_territories_established_in_1957,StatesAndTerritoriesEstablishedIn1957,False,1.7606518459192209
30.0,Dbpedia_URL_type_http://dbpedia.org/class/yago/English-speakingCountriesAndTerritories,https://en.wikipedia.org/wiki/Category:English-speaking_countries_and_territories,EnglishspeakingCountriesAndTerritories,True,58.6509084091644
31.0,Dbpedia_URL_type_http://dbpedia.org/class/yago/StatesAndTerritoriesEstablishedIn1291,https://en.wikipedia.org/wiki/Category:States_and_territories_established_in_1291,StatesAndTerritoriesEstablishedIn1291,False,
32.0,Dbpedia_URL_type_http://dbpedia.org/class/yago/CountriesThatAreEnclavesOfItaly,https://en.wikipedia.org/wiki/Category:Countries_that_are_enclaves_of_Italy,CountriesThatAreEnclavesOfItaly,False,0.9024703826877671
33.0,Dbpedia_URL_type_http://dbpedia.org/class/yago/MemberStatesOfTheCommunityOfPortugueseLanguageCountries,https://en.wikipedia.org/wiki/Category:Member_states_of_the_Community_of_Portuguese_Language_Countries,MemberStatesOfTheCommunityOfPortugueseLanguageCountries,True,5.04566436966803
34.0,Dbpedia_URL_type_http://dbpedia.org/class/yago/Hindustani-speakingCountriesAndTerritories,https://en.wikipedia.org/wiki/Category:Hindustani-speaking_countries_and_territories,HindustanispeakingCountriesAndTerritories,False,5.216486558751387
35.0,Dbpedia_URL_type_http://dbpedia.org/class/yago/Developing8CountriesMemberStates,https://en.wikipedia.org/wiki/Category:Developing_8_Countries_member_states,Developing8CountriesMemberStates,True,9.86921723244435
36.0,Dbpedia_URL_type_http://dbpedia.org/class/yago/EuropeanUnionMemberEconomies,https://en.wikipedia.org/wiki/Category:European_Union_member_economies,EuropeanUnionMemberEconomies,True,0.8240554188985888
37.0,Dbpedia_URL_type_http://dbpedia.org/class/yago/HotspotVolcanoes,https://en.wikipedia.org/wiki/Category:Hotspot_volcanoes,HotspotVolcanoes,False,4.637247796325585
38.0,Dbpedia_URL_type_http://dbpedia.org/class/yago/SouthernMediterraneanCountries,,SouthernMediterraneanCountries,False,
39.0,Dbpedia_URL_type_http://dbpedia.org/class/yago/Dutch-speakingCountries,,DutchspeakingCountries,False,
40.0,Dbpedia_URL_type_http://dbpedia.org/class/yago/StatesAndTerritoriesEstablishedIn1946,https://en.wikipedia.org/wiki/Category:States_and_territories_established_in_1946,StatesAndTerritoriesEstablishedIn1946,False,8.324133265852536
41.0,Dbpedia_URL_type_http://dbpedia.org/class/yago/Romanian-speakingCountriesAndTerritories,https://en.wikipedia.org/wiki/Category:Romanian-speaking_countries_and_territories,RomanianspeakingCountriesAndTerritories,False,3.3510944027783034
42.0,Dbpedia_URL_type_http://dbpedia.org/class/yago/StatesAndTerritoriesEstablishedIn1947,https://en.wikipedia.org/wiki/Category:States_and_territories_established_in_1947,StatesAndTerritoriesEstablishedIn1947,True,7.626923231127403
43.0,Dbpedia_URL_type_http://dbpedia.org/class/yago/StatesAndTerritoriesEstablishedIn1944,https://en.wikipedia.org/wiki/Category:States_and_territories_established_in_1944,StatesAndTerritoriesEstablishedIn1944,False,4.248348062757128
44.0,Dbpedia_URL_type_http://dbpedia.org/class/yago/StatesAndTerritoriesEstablishedIn1943,https://en.wikipedia.org/wiki/Category:States_and_territories_established_in_1943,StatesAndTerritoriesEstablishedIn1943,False,1.9988828949766986
45.0,Dbpedia_URL_type_http://dbpedia.org/class/yago/FederalCountries,https://en.wikipedia.org/wiki/Category:Federal_countries,FederalCountries,True,14.363746160128581
46.0,Dbpedia_URL_type_http://dbpedia.org/class/yago/Islands,https://en.wikipedia.org/wiki/Category:Islands,Islands,False,8.373215457551245
47.0,Dbpedia_URL_type_http://dbpedia.org/class/yago/MediterraneanIslands,https://en.wikipedia.org/wiki/Category:Mediterranean_islands,MediterraneanIslands,False,5.1367899405702655
48.0,Dbpedia_URL_type_http://dbpedia.org/class/yago/MemberStatesOfNATO,https://en.wikipedia.org/wiki/Category:Member_states_of_NATO,MemberStatesOfNATO,True,44.05854367641753
49.0,Dbpedia_URL_type_http://dbpedia.org/class/yago/EasternMediterraneanCountries,,EasternMediterraneanCountries,False,
50.0,Dbpedia_URL_type_http://dbpedia.org/class/yago/LatinAmericanCountries,https://en.wikipedia.org/wiki/Category:Latin_American_countries,LatinAmericanCountries,False,
51.0,Dbpedia_URL_type_http://dbpedia.org/class/yago/CountriesOfTheIndianOcean,,CountriesOfTheIndianOcean,False,
52.0,Dbpedia_URL_type_http://dbpedia.org/class/yago/StatesAndTerritoriesEstablishedIn1932,https://en.wikipedia.org/wiki/Category:States_and_territories_established_in_1932,StatesAndTerritoriesEstablishedIn1932,True,3.657802653641024
53.0,Dbpedia_URL_type_http://dbpedia.org/class/yago/WorldWarIISites,https://en.wikipedia.org/wiki/Category:World_War_II_sites,WorldWarIISites,False,3.282147847486163
54.0,Dbpedia_URL_type_http://dbpedia.org/class/yago/StatesAndTerritoriesEstablishedIn1825,https://en.wikipedia.org/wiki/Category:States_and_territories_established_in_1825,StatesAndTerritoriesEstablishedIn1825,False,2.1976868130964586
55.0,Dbpedia_URL_type_http://dbpedia.org/class/yago/Serbo-Croatian-speakingCountries,,SerboCroatianspeakingCountries,False,
56.0,Dbpedia_URL_type_http://dbpedia.org/class/yago/StatesAndTerritoriesEstablishedIn1821,https://en.wikipedia.org/wiki/Category:States_and_territories_established_in_1821,StatesAndTerritoriesEstablishedIn1821,False,6.446079177008624
57.0,Dbpedia_URL_type_http://dbpedia.org/class/yago/StatesAndTerritoriesEstablishedIn1822,https://en.wikipedia.org/wiki/Category:States_and_territories_established_in_1822,StatesAndTerritoriesEstablishedIn1822,False,2.279177553380998
58.0,Dbpedia_URL_type_http://dbpedia.org/class/yago/StatesAndTerritoriesEstablishedIn1918,https://en.wikipedia.org/wiki/Category:States_and_territories_established_in_1918,StatesAndTerritoriesEstablishedIn1918,True,8.749520536464441
59.0,Dbpedia_URL_type_http://dbpedia.org/class/yago/VolcanoesOfMauritius,https://en.wikipedia.org/wiki/Category:Volcanoes_of_Mauritius,VolcanoesOfMauritius,False,0.8681898127633116
60.0,Dbpedia_URL_type_http://dbpedia.org/class/yago/StatesAndTerritoriesEstablishedIn1818,https://en.wikipedia.org/wiki/Category:States_and_territories_established_in_1818,StatesAndTerritoriesEstablishedIn1818,False,2.3180853671575665
61.0,Dbpedia_URL_type_http://dbpedia.org/class/yago/Portuguese-speakingCountries,,PortuguesespeakingCountries,False,
62.0,Dbpedia_URL_type_http://dbpedia.org/class/yago/NordicCountries,https://en.wikipedia.org/wiki/Category:Nordic_countries,NordicCountries,False,6.873840200708363
63.0,Dbpedia_URL_type_http://dbpedia.org/class/yago/StatesAndTerritoriesEstablishedIn1813,https://en.wikipedia.org/wiki/Category:States_and_territories_established_in_1813,StatesAndTerritoriesEstablishedIn1813,False,1.8242207857418604
64.0,Dbpedia_URL_type_http://dbpedia.org/class/yago/StatesAndTerritoriesEstablishedIn1814,https://en.wikipedia.org/wiki/Category:States_and_territories_established_in_1814,StatesAndTerritoriesEstablishedIn1814,False,1.901833738302992
65.0,Dbpedia_URL_type_http://dbpedia.org/class/yago/StatesAndTerritoriesEstablishedIn1815,https://en.wikipedia.org/wiki/Category:States_and_territories_established_in_1815,StatesAndTerritoriesEstablishedIn1815,False,3.6762679878435782
66.0,Dbpedia_URL_type_http://dbpedia.org/class/yago/StockMarketCrashes,https://en.wikipedia.org/wiki/Category:Stock_market_crashes,StockMarketCrashes,False,4.120985458848963
67.0,Dbpedia_URL_type_http://dbpedia.org/class/yago/StatesAndTerritoriesEstablishedIn751,https://en.wikipedia.org/wiki/Category:States_and_territories_established_in_751,StatesAndTerritoriesEstablishedIn751,False,0.5297411240643805
68.0,Dbpedia_URL_type_http://dbpedia.org/class/yago/StatesAndTerritoriesEstablishedIn1810,https://en.wikipedia.org/wiki/Category:States_and_territories_established_in_1810,StatesAndTerritoriesEstablishedIn1810,False,1.2520144871227834
69.0,Dbpedia_URL_type_http://dbpedia.org/class/yago/StatesAndTerritoriesEstablishedIn1811,https://en.wikipedia.org/wiki/Category:States_and_territories_established_in_1811,StatesAndTerritoriesEstablishedIn1811,False,1.9260903320590634
70.0,Dbpedia_URL_type_http://dbpedia.org/class/yago/CountriesBorderingTheArcticOcean,,CountriesBorderingTheArcticOcean,False,
71.0,Dbpedia_URL_type_http://dbpedia.org/class/yago/StatesAndTerritoriesEstablishedIn1905,https://en.wikipedia.org/wiki/Category:States_and_territories_established_in_1905,StatesAndTerritoriesEstablishedIn1905,False,2.6454973744857706
72.0,Dbpedia_URL_type_http://dbpedia.org/class/yago/WorldTradeOrganizationMemberEconomies,https://en.wikipedia.org/wiki/Category:World_Trade_Organization_member_economies,WorldTradeOrganizationMemberEconomies,True,2.217516700693478
73.0,Dbpedia_URL_type_http://dbpedia.org/class/yago/StatesAndTerritoriesEstablishedIn1908,https://en.wikipedia.org/wiki/Category:States_and_territories_established_in_1908,StatesAndTerritoriesEstablishedIn1908,False,1.405041737359019
74.0,Dbpedia_URL_type_http://dbpedia.org/class/yago/MemberStatesOfTheUnitedNations,https://en.wikipedia.org/wiki/Category:Member_states_of_the_United_Nations,MemberStatesOfTheUnitedNations,True,147.66141060512453
75.0,Dbpedia_URL_type_http://dbpedia.org/class/yago/EastAsianCountries,https://en.wikipedia.org/wiki/Category:East_Asian_countries,EastAsianCountries,False,9.796749323852433
76.0,Dbpedia_URL_type_http://dbpedia.org/class/yago/AlpineCountries,,AlpineCountries,False,
77.0,Dbpedia_URL_type_http://dbpedia.org/class/yago/StatesAndTerritoriesEstablishedIn1910,https://en.wikipedia.org/wiki/Category:States_and_territories_established_in_1910,StatesAndTerritoriesEstablishedIn1910,False,3.8498302345890854
78.0,Dbpedia_URL_type_http://dbpedia.org/class/yago/PopulatedCoastalPlaces,https://en.wikipedia.org/wiki/Category:Populated_coastal_places,PopulatedCoastalPlaces,False,1.361342650861529
79.0,Dbpedia_URL_type_http://dbpedia.org/class/yago/StatesAndTerritoriesEstablishedIn1709,https://en.wikipedia.org/wiki/Category:States_and_territories_established_in_1709,StatesAndTerritoriesEstablishedIn1709,False,0.9045803521138905
80.0,Dbpedia_URL_type_http://dbpedia.org/class/yago/YagoPermanentlyLocatedEntity,,YagoPermanentlyLocatedEntity,False,
81.0,Dbpedia_URL_type_http://dbpedia.org/class/yago/FinancialCrises,https://en.wikipedia.org/wiki/Category:Financial_crises,FinancialCrises,False,9.584514527987958
82.0,Dbpedia_URL_type_http://dbpedia.org/class/yago/StatesAndTerritoriesEstablishedIn1912,https://en.wikipedia.org/wiki/Category:States_and_territories_established_in_1912,StatesAndTerritoriesEstablishedIn1912,False,4.260440948964039
83.0,Dbpedia_URL_type_http://dbpedia.org/class/yago/StatesAndTerritoriesEstablishedIn1911,https://en.wikipedia.org/wiki/Category:States_and_territories_established_in_1911,StatesAndTerritoriesEstablishedIn1911,False,1.1320208825700782
84.0,Dbpedia_URL_type_http://dbpedia.org/class/yago/NUTS2StatisticalRegionsOfTheEuropeanUnion,https://en.wikipedia.org/wiki/Category:NUTS_2_statistical_regions_of_the_European_Union,NUTS2StatisticalRegionsOfTheEuropeanUnion,True,45.86755870393981
85.0,Dbpedia_URL_type_http://dbpedia.org/class/yago/CountriesBorderingThePhilippineSea,,CountriesBorderingThePhilippineSea,False,
86.0,Dbpedia_URL_type_http://dbpedia.org/class/yago/MemberStatesOfLaFrancophonie,https://en.wikipedia.org/wiki/Category:Member_states_of_La_Francophonie,MemberStatesOfLaFrancophonie,True,29.356990395292957
87.0,Dbpedia_URL_type_http://dbpedia.org/class/yago/MemberStatesOfTheCaribbeanCommunity,https://en.wikipedia.org/wiki/Category:Member_states_of_the_Caribbean_Community,MemberStatesOfTheCaribbeanCommunity,False,4.576947461250089
88.0,Dbpedia_URL_type_http://dbpedia.org/class/yago/StatesAndTerritoriesEstablishedIn1844,https://en.wikipedia.org/wiki/Category:States_and_territories_established_in_1844,StatesAndTerritoriesEstablishedIn1844,False,1.385215721875652
89.0,Dbpedia_URL_type_http://dbpedia.org/class/yago/StatesAndTerritoriesEstablishedIn1842,https://en.wikipedia.org/wiki/Category:States_and_territories_established_in_1842,StatesAndTerritoriesEstablishedIn1842,False,1.1521638987316305
90.0,Dbpedia_URL_type_http://dbpedia.org/class/yago/StatesAndTerritoriesEstablishedIn1847,https://en.wikipedia.org/wiki/Category:States_and_territories_established_in_1847,StatesAndTerritoriesEstablishedIn1847,False,0.5924999951861485
91.0,Dbpedia_URL_type_http://dbpedia.org/class/yago/ModernTurkicStates,https://en.wikipedia.org/wiki/Category:Modern_Turkic_states,ModernTurkicStates,False,4.370365718177092
92.0,Dbpedia_URL_type_http://dbpedia.org/class/yago/DividedRegions,https://en.wikipedia.org/wiki/Category:Divided_regions,DividedRegions,True,19.437666295191942
93.0,Dbpedia_URL_type_http://dbpedia.org/class/yago/StatesAndTerritoriesEstablishedIn1840,https://en.wikipedia.org/wiki/Category:States_and_territories_established_in_1840,StatesAndTerritoriesEstablishedIn1840,False,2.8104374614381857
94.0,Dbpedia_URL_type_http://dbpedia.org/class/yago/Arabic-speakingCountriesAndTerritories,https://en.wikipedia.org/wiki/Category:Arabic-speaking_countries_and_territories,ArabicspeakingCountriesAndTerritories,True,12.781629442533957
95.0,Dbpedia_URL_type_http://dbpedia.org/class/yago/StatesAndTerritoriesEstablishedIn1903,https://en.wikipedia.org/wiki/Category:States_and_territories_established_in_1903,StatesAndTerritoriesEstablishedIn1903,False,1.2475982273335546
96.0,Dbpedia_URL_type_http://dbpedia.org/class/yago/StatesAndTerritoriesEstablishedIn1901,https://en.wikipedia.org/wiki/Category:States_and_territories_established_in_1901,StatesAndTerritoriesEstablishedIn1901,False,0.7231216363297094
97.0,Dbpedia_URL_type_http://dbpedia.org/class/yago/Emirates,https://en.wikipedia.org/wiki/Category:Emirates,Emirates,False,2.502535953993244
98.0,Dbpedia_URL_type_http://dbpedia.org/class/yago/WesternAsianCountries,https://en.wikipedia.org/wiki/Category:Western_Asian_countries,WesternAsianCountries,True,14.390124359771313
99.0,Dbpedia_URL_type_http://dbpedia.org/class/yago/MiddleEasternCountries,https://en.wikipedia.org/wiki/Category:Middle_Eastern_countries,MiddleEasternCountries,True,13.231475657119582
100.0,Dbpedia_URL_type_http://dbpedia.org/class/yago/CaribbeanCountries,,CaribbeanCountries,False,
101.0,Dbpedia_URL_type_http://dbpedia.org/class/yago/LandlockedCountries,https://en.wikipedia.org/wiki/Category:Landlocked_countries,LandlockedCountries,True,24.257330954437165
102.0,Dbpedia_URL_type_http://dbpedia.org/class/yago/StatesAndTerritoriesEstablishedIn1830,https://en.wikipedia.org/wiki/Category:States_and_territories_established_in_1830,StatesAndTerritoriesEstablishedIn1830,True,2.857279205511663
103.0,Dbpedia_URL_type_http://dbpedia.org/class/yago/YagoGeoEntity,,YagoGeoEntity,False,
104.0,Dbpedia_URL_type_http://dbpedia.org/class/yago/TerritoriesUnderMilitaryOccupation,https://en.wikipedia.org/wiki/Category:Territories_under_military_occupation,TerritoriesUnderMilitaryOccupation,False,3.3024847220173585
105.0,Dbpedia_URL_type_http://dbpedia.org/class/yago/MemberStatesOfTheUnionOfSouthAmericanNations,https://en.wikipedia.org/wiki/Category:Member_states_of_the_Union_of_South_American_Nations,MemberStatesOfTheUnionOfSouthAmericanNations,False,10.27544150785531
106.0,Dbpedia_URL_type_http://dbpedia.org/class/yago/StatesAndTerritoriesEstablishedIn872,https://en.wikipedia.org/wiki/Category:States_and_territories_established_in_872,StatesAndTerritoriesEstablishedIn872,False,1.1708263111417776
107.0,Dbpedia_URL_type_http://dbpedia.org/class/yago/Chinese-speakingCountriesAndTerritories,https://en.wikipedia.org/wiki/Category:Chinese-speaking_countries_and_territories,ChinesespeakingCountriesAndTerritories,False,8.195738307837365
108.0,Dbpedia_URL_type_http://dbpedia.org/class/yago/YouthOlympicGamesHostCities,,YouthOlympicGamesHostCities,False,
109.0,Dbpedia_URL_type_http://dbpedia.org/class/yago/NUTS1StatisticalRegionsOfTheEuropeanUnion,https://en.wikipedia.org/wiki/Category:NUTS_1_statistical_regions_of_the_European_Union,NUTS1StatisticalRegionsOfTheEuropeanUnion,False,16.60575495455821
110.0,Dbpedia_URL_type_http://dbpedia.org/class/yago/AfricanCountries,,AfricanCountries,True,
111.0,Dbpedia_URL_type_http://dbpedia.org/class/yago/MemberStatesOfTheSouthAsianAssociationForRegionalCooperation,https://en.wikipedia.org/wiki/Category:Member_states_of_the_South_Asian_Association_for_Regional_Cooperation,MemberStatesOfTheSouthAsianAssociationForRegionalCooperation,True,7.579642108239146
112.0,Dbpedia_URL_type_http://dbpedia.org/class/yago/SoutheastAsianCountries,https://en.wikipedia.org/wiki/Category:Southeast_Asian_countries,SoutheastAsianCountries,True,9.99235087449732
113.0,Dbpedia_URL_type_http://dbpedia.org/class/yago/ExtinctVolcanoes,https://en.wikipedia.org/wiki/Category:Extinct_volcanoes,ExtinctVolcanoes,False,6.2804312036236665
114.0,Dbpedia_URL_type_http://dbpedia.org/class/yago/FormerEmpires,https://en.wikipedia.org/wiki/Category:Former_empires,FormerEmpires,False,7.563239414685984
115.0,Dbpedia_URL_type_http://dbpedia.org/class/yago/SolomonIslands,https://en.wikipedia.org/wiki/Category:Solomon_Islands,SolomonIslands,False,0.6922937783818995
116.0,Dbpedia_URL_type_http://dbpedia.org/class/yago/InternationalIslands,https://en.wikipedia.org/wiki/Category:International_islands,InternationalIslands,False,4.25783078835002
117.0,Dbpedia_URL_type_http://dbpedia.org/class/yago/NorthAmericanCountries,,NorthAmericanCountries,False,
118.0,Dbpedia_URL_type_http://dbpedia.org/class/yago/French-speakingCountries,,FrenchspeakingCountries,False,
119.0,Dbpedia_URL_type_http://dbpedia.org/class/yago/EconomiesByRegion,https://en.wikipedia.org/wiki/Category:Economies_by_region,EconomiesByRegion,False,0.16184138924390537
120.0,Dbpedia_URL_type_http://dbpedia.org/class/yago/UnitedArabEmirates,https://en.wikipedia.org/wiki/Category:United_Arab_Emirates,UnitedArabEmirates,False,0.9218385300337406
121.0,Dbpedia_URL_type_http://dbpedia.org/class/yago/MemberStatesOfTheAfricanUnion,https://en.wikipedia.org/wiki/Category:Member_states_of_the_African_Union,MemberStatesOfTheAfricanUnion,True,24.106337579256152
122.0,Dbpedia_URL_type_http://dbpedia.org/class/yago/MemberStatesOfTheCooperationCouncilForTheArabStatesOfThePersianGulf,,MemberStatesOfTheCooperationCouncilForTheArabStatesOfThePersianGulf,False,
123.0,Dbpedia_URL_type_http://dbpedia.org/class/yago/BlackSeaCountries,,BlackSeaCountries,False,
124.0,Dbpedia_URL_type_http://dbpedia.org/class/yago/NearEasternCountries,https://en.wikipedia.org/wiki/Category:Near_Eastern_countries,NearEasternCountries,False,9.170243223002569
125.0,Dbpedia_URL_type_http://dbpedia.org/class/yago/StatesAndTerritoriesEstablishedIn802,https://en.wikipedia.org/wiki/Category:States_and_territories_established_in_802,StatesAndTerritoriesEstablishedIn802,False,0.7457379351513975
126.0,Dbpedia_URL_type_http://dbpedia.org/class/yago/UnitedStates,https://en.wikipedia.org/wiki/Category:United_States,UnitedStates,False,8.390740993550144
127.0,Dbpedia_URL_type_http://dbpedia.org/class/yago/Russian-speakingCountriesAndTerritories,https://en.wikipedia.org/wiki/Category:Russian-speaking_countries_and_territories,RussianspeakingCountriesAndTerritories,False,12.039709337337216
128.0,Dbpedia_URL_type_http://dbpedia.org/class/yago/NorthernAmericanCountries,,NorthernAmericanCountries,False,
129.0,Dbpedia_URL_type_http://dbpedia.org/class/yago/StatesAndTerritoriesEstablishedIn1768,https://en.wikipedia.org/wiki/Category:States_and_territories_established_in_1768,StatesAndTerritoriesEstablishedIn1768,False,1.2411201429216903
130.0,Dbpedia_URL_type_http://dbpedia.org/class/yago/CountriesBorderingTheRedSea,,CountriesBorderingTheRedSea,False,
131.0,Dbpedia_URL_type_http://dbpedia.org/class/yago/CommunistStates,https://en.wikipedia.org/wiki/Category:Communist_states,CommunistStates,False,12.71915669292123
132.0,Dbpedia_URL_type_http://dbpedia.org/class/yago/MemberStatesOfMercosur,https://en.wikipedia.org/wiki/Category:Member_states_of_Mercosur,MemberStatesOfMercosur,True,4.151937974400015
133.0,Dbpedia_URL_type_http://dbpedia.org/class/yago/StatesAndTerritoriesEstablishedIn1861,https://en.wikipedia.org/wiki/Category:States_and_territories_established_in_1861,StatesAndTerritoriesEstablishedIn1861,False,3.3549444091514147
134.0,Dbpedia_URL_type_http://dbpedia.org/class/yago/StatesAndTerritoriesEstablishedIn1867,https://en.wikipedia.org/wiki/Category:States_and_territories_established_in_1867,StatesAndTerritoriesEstablishedIn1867,False,9.487561542423359
135.0,Dbpedia_URL_type_http://dbpedia.org/class/yago/StatesAndTerritoriesEstablishedIn660BC,,StatesAndTerritoriesEstablishedIn660BC,False,
136.0,Dbpedia_URL_type_http://dbpedia.org/class/yago/AreasOfTraditionalSpreadOfUkrainiansAndUkrainianLanguage,https://en.wikipedia.org/wiki/Category:Areas_of_traditional_spread_of_Ukrainians_and_Ukrainian_language,AreasOfTraditionalSpreadOfUkrainiansAndUkrainianLanguage,True,3.060066577791932
137.0,Dbpedia_URL_type_http://dbpedia.org/class/yago/Ukrainian-speakingCountriesAndTerritories,https://en.wikipedia.org/wiki/Category:Ukrainian-speaking_countries_and_territories,UkrainianspeakingCountriesAndTerritories,True,3.4561764136555615
138.0,Dbpedia_URL_type_http://dbpedia.org/class/yago/VolcanicArcIslands,https://en.wikipedia.org/wiki/Category:Volcanic_arc_islands,VolcanicArcIslands,False,3.093059076191893
139.0,Dbpedia_URL_type_http://dbpedia.org/class/yago/StatesAndTerritoriesEstablishedIn301,https://en.wikipedia.org/wiki/Category:States_and_territories_established_in_301,StatesAndTerritoriesEstablishedIn301,False,0.41808157697345827
140.0,Dbpedia_URL_type_http://dbpedia.org/class/yago/StatesAndTerritoriesEstablishedIn1871,https://en.wikipedia.org/wiki/Category:States_and_territories_established_in_1871,StatesAndTerritoriesEstablishedIn1871,False,4.755501827427348
141.0,Dbpedia_URL_type_http://dbpedia.org/class/yago/CountriesBorderingTheSouthChinaSea,,CountriesBorderingTheSouthChinaSea,False,
142.0,Dbpedia_URL_type_http://dbpedia.org/class/yago/Pashto-speakingCountriesAndTerritories,https://en.wikipedia.org/wiki/Category:Pashto-speaking_countries_and_territories,PashtospeakingCountriesAndTerritories,False,2.0916375406618415
143.0,Dbpedia_URL_type_http://dbpedia.org/class/yago/Enclaves,https://en.wikipedia.org/wiki/Category:Enclaves,Enclaves,False,2.8033029796733326
144.0,Dbpedia_URL_type_http://dbpedia.org/class/yago/StatesAndTerritoriesEstablishedIn1878,https://en.wikipedia.org/wiki/Category:States_and_territories_established_in_1878,StatesAndTerritoriesEstablishedIn1878,False,2.8259022577546418
145.0,Dbpedia_URL_type_http://dbpedia.org/class/yago/AzerbaijaniInhabitedRegions,,AzerbaijaniInhabitedRegions,False,
146.0,Dbpedia_URL_type_http://dbpedia.org/class/yago/IslandsOfMadagascar,https://en.wikipedia.org/wiki/Category:Islands_of_Madagascar,IslandsOfMadagascar,False,1.3227406658802696
147.0,Dbpedia_URL_type_http://dbpedia.org/class/yago/IslandsOfMauritius,https://en.wikipedia.org/wiki/Category:Islands_of_Mauritius,IslandsOfMauritius,False,1.0266095852587707
148.0,Dbpedia_URL_type_http://dbpedia.org/class/yago/ArchipelagoesOfTheMediterraneanSea,https://en.wikipedia.org/wiki/Category:Archipelagoes_of_the_Mediterranean_Sea,ArchipelagoesOfTheMediterraneanSea,False,0.5840869896725277
149.0,Dbpedia_URL_type_http://dbpedia.org/class/yago/CapitalsInAsia,https://en.wikipedia.org/wiki/Category:Capitals_in_Asia,CapitalsInAsia,False,14.215750141396216
150.0,Dbpedia_URL_type_http://dbpedia.org/class/yago/StatesAndTerritoriesEstablishedIn1747,https://en.wikipedia.org/wiki/Category:States_and_territories_established_in_1747,StatesAndTerritoriesEstablishedIn1747,False,1.086756644881243
151.0,Dbpedia_URL_type_http://dbpedia.org/class/yago/IslandsOfAsia,https://en.wikipedia.org/wiki/Category:Islands_of_Asia,IslandsOfAsia,False,0.6626845263652162
152.0,Dbpedia_URL_type_http://dbpedia.org/class/yago/Italian-speakingCountries,,ItalianspeakingCountries,False,
153.0,Dbpedia_URL_type_http://dbpedia.org/class/yago/MemberStatesOfTheArabLeague,https://en.wikipedia.org/wiki/Category:Member_states_of_the_Arab_League,MemberStatesOfTheArabLeague,True,10.973070230373944
154.0,Dbpedia_URL_type_http://dbpedia.org/class/yago/MemberStatesOfOPEC,https://en.wikipedia.org/wiki/Category:Member_states_of_OPEC,MemberStatesOfOPEC,True,10.277573840975712
155.0,Dbpedia_URL_type_http://dbpedia.org/class/yago/MemberStatesOfTheAssociationOfSoutheastAsianNations,https://en.wikipedia.org/wiki/Category:Member_states_of_the_Association_of_Southeast_Asian_Nations,MemberStatesOfTheAssociationOfSoutheastAsianNations,True,9.60211221191975
156.0,Dbpedia_URL_type_http://dbpedia.org/class/yago/MemberStatesOfTheCommonwealthOfNations,https://en.wikipedia.org/wiki/Category:Member_states_of_the_Commonwealth_of_Nations,MemberStatesOfTheCommonwealthOfNations,True,35.69440068369156
157.0,Dbpedia_URL_type_http://dbpedia.org/class/yago/IslandCountries,https://en.wikipedia.org/wiki/Category:Island_countries,IslandCountries,True,46.3738760223948
158.0,Dbpedia_URL_type_http://dbpedia.org/class/yago/PhysiographicProvinces,https://en.wikipedia.org/wiki/Category:Physiographic_provinces,PhysiographicProvinces,False,14.377064640774343
159.0,Dbpedia_URL_type_http://dbpedia.org/class/yago/StatesAndTerritoriesEstablishedIn1993,https://en.wikipedia.org/wiki/Category:States_and_territories_established_in_1993,StatesAndTerritoriesEstablishedIn1993,False,2.2636547594353673
160.0,Dbpedia_URL_type_http://dbpedia.org/class/yago/StatesAndTerritoriesEstablishedIn1991,https://en.wikipedia.org/wiki/Category:States_and_territories_established_in_1991,StatesAndTerritoriesEstablishedIn1991,True,13.99592206994634
161.0,Dbpedia_URL_type_http://dbpedia.org/class/yago/Swahili-speakingCountriesAndTerritories,https://en.wikipedia.org/wiki/Category:Swahili-speaking_countries_and_territories,SwahilispeakingCountriesAndTerritories,True,4.0429591174847985
162.0,Dbpedia_URL_type_http://dbpedia.org/class/yago/StatesAndTerritoriesEstablishedIn1990,https://en.wikipedia.org/wiki/Category:States_and_territories_established_in_1990,StatesAndTerritoriesEstablishedIn1990,False,5.527446007173304
163.0,Dbpedia_URL_type_http://dbpedia.org/class/yago/Danish-speakingCountries,,DanishspeakingCountries,False,
164.0,Dbpedia_URL_type_http://dbpedia.org/class/yago/StatesAndTerritoriesEstablishedIn1898,https://en.wikipedia.org/wiki/Category:States_and_territories_established_in_1898,StatesAndTerritoriesEstablishedIn1898,False,3.2201647008100136
165.0,Dbpedia_URL_type_http://dbpedia.org/class/yago/German-speakingCountries,,GermanspeakingCountries,False,
166.0,Dbpedia_URL_type_http://dbpedia.org/class/yago/MemberStatesOfTheUnionForTheMediterranean,https://en.wikipedia.org/wiki/Category:Member_states_of_the_Union_for_the_Mediterranean,MemberStatesOfTheUnionForTheMediterranean,True,39.064199807539936
167.0,Dbpedia_URL_type_http://dbpedia.org/class/yago/MemberStatesOfTheEuropeanUnion,https://en.wikipedia.org/wiki/Category:Member_states_of_the_European_Union,MemberStatesOfTheEuropeanUnion,True,33.26790151007305
168.0,Dbpedia_URL_type_http://dbpedia.org/class/yago/SouthAmericanCountries,,SouthAmericanCountries,True,
169.0,Dbpedia_URL_type_http://dbpedia.org/class/yago/StatesOfTheGermanConfederation,https://en.wikipedia.org/wiki/Category:States_of_the_German_Confederation,StatesOfTheGermanConfederation,False,7.414231741568604
170.0,Dbpedia_URL_type_http://dbpedia.org/class/yago/CentralAmericanCountries,,CentralAmericanCountries,False,
171.0,Dbpedia_URL_type_http://dbpedia.org/class/yago/CountriesBorderingTheBalticSea,,CountriesBorderingTheBalticSea,False,
172.0,Dbpedia_URL_type_http://dbpedia.org/class/yago/IslandsOfAfrica,https://en.wikipedia.org/wiki/Category:Islands_of_Africa,IslandsOfAfrica,False,4.360672572084071
173.0,Dbpedia_URL_type_http://dbpedia.org/class/yago/BicontinentalCountries,,BicontinentalCountries,False,
174.0,Dbpedia_URL_type_http://dbpedia.org/class/yago/CountriesBorderingTheAtlanticOcean,,CountriesBorderingTheAtlanticOcean,True,
175.0,Dbpedia_URL_type_http://dbpedia.org/class/yago/Sultanates,https://en.wikipedia.org/wiki/Category:Sultanates,Sultanates,False,3.836916272361951
176.0,Dbpedia_URL_type_http://dbpedia.org/class/yago/CentralAsianCountries,https://en.wikipedia.org/wiki/Category:Central_Asian_countries,CentralAsianCountries,False,7.522345186646991
177.0,Dbpedia_URL_type_http://dbpedia.org/class/yago/ArchipelagoesOfTheIndianOcean,https://en.wikipedia.org/wiki/Category:Archipelagoes_of_the_Indian_Ocean,ArchipelagoesOfTheIndianOcean,False,2.1989675641896946
178.0,Dbpedia_URL_type_http://dbpedia.org/class/yago/SlavicCountries,,SlavicCountries,False,
179.0,Dbpedia_URL_type_http://dbpedia.org/class/yago/Tamil-speakingCountriesAndTerritories,https://en.wikipedia.org/wiki/Category:Tamil-speaking_countries_and_territories,TamilspeakingCountriesAndTerritories,False,2.6863584543880883
180.0,Dbpedia_URL_type_http://dbpedia.org/class/yago/StatesAndTerritoriesEstablishedIn1976,https://en.wikipedia.org/wiki/Category:States_and_territories_established_in_1976,StatesAndTerritoriesEstablishedIn1976,False,3.0873426886437176
181.0,Dbpedia_URL_type_http://dbpedia.org/class/yago/StatesAndTerritoriesEstablishedIn1975,https://en.wikipedia.org/wiki/Category:States_and_territories_established_in_1975,StatesAndTerritoriesEstablishedIn1975,True,4.971836216639886
182.0,Dbpedia_URL_type_http://dbpedia.org/class/yago/PeninsulasOfAsia,https://en.wikipedia.org/wiki/Category:Peninsulas_of_Asia,PeninsulasOfAsia,False,12.334661713641884
183.0,Dbpedia_URL_type_http://dbpedia.org/class/yago/MemberStatesOfTheOrganisationOfIslamicCooperation,https://en.wikipedia.org/wiki/Category:Member_states_of_the_Organisation_of_Islamic_Cooperation,MemberStatesOfTheOrganisationOfIslamicCooperation,True,31.55659189909189
184.0,Dbpedia_URL_type_http://dbpedia.org/class/yago/StatesAndTerritoriesEstablishedIn1974,https://en.wikipedia.org/wiki/Category:States_and_territories_established_in_1974,StatesAndTerritoriesEstablishedIn1974,False,2.294877133007434
185.0,Dbpedia_URL_type_http://dbpedia.org/class/yago/LeastDevelopedCountries,https://en.wikipedia.org/wiki/Category:Least_developed_countries,LeastDevelopedCountries,True,20.791855017435918
186.0,Dbpedia_URL_type_http://dbpedia.org/class/yago/StatesAndTerritoriesEstablishedIn1978,https://en.wikipedia.org/wiki/Category:States_and_territories_established_in_1978,StatesAndTerritoriesEstablishedIn1978,False,1.289988103367625
187.0,Dbpedia_URL_type_http://dbpedia.org/class/yago/BalticStates,https://en.wikipedia.org/wiki/Category:Baltic_states,BalticStates,True,3.4974211724647732
188.0,Dbpedia_URL_type_http://dbpedia.org/class/yago/StatesAndTerritoriesEstablishedIn1971,https://en.wikipedia.org/wiki/Category:States_and_territories_established_in_1971,StatesAndTerritoriesEstablishedIn1971,True,2.490174713978225
189.0,Dbpedia_URL_type_http://dbpedia.org/class/yago/StatesAndTerritoriesEstablishedIn1970,https://en.wikipedia.org/wiki/Category:States_and_territories_established_in_1970,StatesAndTerritoriesEstablishedIn1970,False,3.0478065033715653
190.0,Dbpedia_URL_type_http://dbpedia.org/class/yago/IslandsOfDominica,https://en.wikipedia.org/wiki/Category:Islands_of_Dominica,IslandsOfDominica,False,0.36194261298607316
191.0,Dbpedia_URL_type_http://dbpedia.org/class/yago/IslamicStates,https://en.wikipedia.org/wiki/Category:Islamic_states,IslamicStates,True,7.744111855839786
192.0,Dbpedia_URL_type_http://dbpedia.org/class/yago/AfricanUnionMemberEconomies,https://en.wikipedia.org/wiki/Category:African_Union_member_economies,AfricanUnionMemberEconomies,True,0.801752107358912
193.0,Dbpedia_URL_type_http://dbpedia.org/class/yago/ArchipelagoesOfThePacificOcean,https://en.wikipedia.org/wiki/Category:Archipelagoes_of_the_Pacific_Ocean,ArchipelagoesOfThePacificOcean,False,10.732879041516034
194.0,Dbpedia_URL_type_http://dbpedia.org/class/yago/StatesAndTerritoriesEstablishedIn1776,https://en.wikipedia.org/wiki/Category:States_and_territories_established_in_1776,StatesAndTerritoriesEstablishedIn1776,False,8.499031119732953
195.0,Dbpedia_URL_type_http://dbpedia.org/class/yago/FormerBritishProtectorates,https://en.wikipedia.org/wiki/Category:Former_British_protectorates,FormerBritishProtectorates,False,2.5263592700364725
196.0,Dbpedia_URL_type_http://dbpedia.org/class/yago/PersianGulfCountries,,PersianGulfCountries,False,
197.0,Dbpedia_URL_type_http://dbpedia.org/class/yago/Nuclear-freeZones,https://en.wikipedia.org/wiki/Category:Nuclear-free_zones,NuclearfreeZones,False,1.8273335736019019
198.0,Dbpedia_URL_type_http://dbpedia.org/class/yago/MemberStatesOfTheDutchLanguageUnion,https://en.wikipedia.org/wiki/Category:Member_states_of_the_Dutch_Language_Union,MemberStatesOfTheDutchLanguageUnion,False,3.289364519133917
199.0,Dbpedia_URL_type_http://dbpedia.org/class/yago/StatesAndTerritoriesEstablishedIn1981,https://en.wikipedia.org/wiki/Category:States_and_territories_established_in_1981,StatesAndTerritoriesEstablishedIn1981,True,1.5085148149921757
200.0,Dbpedia_URL_type_http://dbpedia.org/class/yago/BantuCountriesAndTerritories,https://en.wikipedia.org/wiki/Category:Bantu_countries_and_territories,BantuCountriesAndTerritories,True,10.817249855321823
201.0,Dbpedia_URL_type_http://dbpedia.org/class/yago/OceanianCountries,,OceanianCountries,False,
202.0,Dbpedia_URL_type_http://dbpedia.org/class/yago/StatesAndTerritoriesEstablishedIn681,https://en.wikipedia.org/wiki/Category:States_and_territories_established_in_681,StatesAndTerritoriesEstablishedIn681,False,1.2117612396113804
203.0,Dbpedia_URL_type_http://dbpedia.org/class/yago/CountriesBorderingThePacificOcean,,CountriesBorderingThePacificOcean,False,
204.0,Dbpedia_URL_type_http://dbpedia.org/class/yago/StatesAndTerritoriesEstablishedIn2006,https://en.wikipedia.org/wiki/Category:States_and_territories_established_in_2006,StatesAndTerritoriesEstablishedIn2006,False,2.410378640311497
205.0,Dbpedia_URL_type_http://dbpedia.org/class/yago/SouthAsianCountries,https://en.wikipedia.org/wiki/Category:South_Asian_countries,SouthAsianCountries,True,7.808042474738898
206.0,Dbpedia_URL_type_http://dbpedia.org/class/yago/MemberStatesOfTheCooperationCouncilForTheArabStatesOfTheGulf,https://en.wikipedia.org/wiki/Category:Member_states_of_the_Cooperation_Council_for_the_Arab_States_of_the_Gulf,MemberStatesOfTheCooperationCouncilForTheArabStatesOfTheGulf,True,2.498368633906137
