id,orig,uri,friendly,used,depth
0,Dbpedia_URL_type_http://dbpedia.org/class/yago/SocialistStates,https://en.wikipedia.org/wiki/Category:Socialist_states,SocialistStates,True,6
1,Dbpedia_URL_type_http://dbpedia.org/class/yago/StatesAndTerritoriesEstablishedIn1565,https://en.wikipedia.org/wiki/Category:States_and_territories_established_in_1565,StatesAndTerritoriesEstablishedIn1565,False,6
2,Dbpedia_URL_type_http://dbpedia.org/class/yago/CountriesOfTheMediterraneanSea,,CountriesOfTheMediterraneanSea,False,6
3,Dbpedia_URL_type_http://dbpedia.org/class/yago/Spanish-speakingCountries,,SpanishspeakingCountries,False,6
4,Dbpedia_URL_type_http://dbpedia.org/class/yago/IslandsOfTheIndianOcean,https://en.wikipedia.org/wiki/Category:Islands_of_the_Indian_Ocean,IslandsOfTheIndianOcean,True,4
5,Dbpedia_URL_type_http://dbpedia.org/class/yago/Urdu-speakingCountriesAndTerritories,https://en.wikipedia.org/wiki/Category:Urdu-speaking_countries_and_territories,UrduspeakingCountriesAndTerritories,False,6
6,Dbpedia_URL_type_http://dbpedia.org/class/yago/YagoLegalActorGeo,,YagoLegalActorGeo,False,0
7,Dbpedia_URL_type_http://dbpedia.org/class/yago/IslandsOfIceland,https://en.wikipedia.org/wiki/Category:Islands_of_Iceland,IslandsOfIceland,False,4
8,Dbpedia_URL_type_http://dbpedia.org/class/yago/EuropeanCountries,,EuropeanCountries,True,6
9,Dbpedia_URL_type_http://dbpedia.org/class/yago/StatesAndTerritoriesEstablishedIn1960,https://en.wikipedia.org/wiki/Category:States_and_territories_established_in_1960,StatesAndTerritoriesEstablishedIn1960,True,6
10,Dbpedia_URL_type_http://dbpedia.org/class/yago/StatesAndTerritoriesEstablishedIn1961,https://en.wikipedia.org/wiki/Category:States_and_territories_established_in_1961,StatesAndTerritoriesEstablishedIn1961,False,6
11,Dbpedia_URL_type_http://dbpedia.org/class/yago/StatesAndTerritoriesEstablishedIn1964,https://en.wikipedia.org/wiki/Category:States_and_territories_established_in_1964,StatesAndTerritoriesEstablishedIn1964,False,6
12,Dbpedia_URL_type_http://dbpedia.org/class/yago/Malay-speakingCountriesAndTerritories,https://en.wikipedia.org/wiki/Category:Malay-speaking_countries_and_territories,MalayspeakingCountriesAndTerritories,True,6
13,Dbpedia_URL_type_http://dbpedia.org/class/yago/StatesAndTerritoriesEstablishedIn1965,https://en.wikipedia.org/wiki/Category:States_and_territories_established_in_1965,StatesAndTerritoriesEstablishedIn1965,False,6
14,Dbpedia_URL_type_http://dbpedia.org/class/yago/StatesAndTerritoriesEstablishedIn1962,https://en.wikipedia.org/wiki/Category:States_and_territories_established_in_1962,StatesAndTerritoriesEstablishedIn1962,True,6
15,Dbpedia_URL_type_http://dbpedia.org/class/yago/StatesAndTerritoriesEstablishedIn1963,https://en.wikipedia.org/wiki/Category:States_and_territories_established_in_1963,StatesAndTerritoriesEstablishedIn1963,True,6
16,Dbpedia_URL_type_http://dbpedia.org/class/yago/StatesAndTerritoriesEstablishedIn1968,https://en.wikipedia.org/wiki/Category:States_and_territories_established_in_1968,StatesAndTerritoriesEstablishedIn1968,False,6
17,Dbpedia_URL_type_http://dbpedia.org/class/yago/StatesAndTerritoriesEstablishedIn1966,https://en.wikipedia.org/wiki/Category:States_and_territories_established_in_1966,StatesAndTerritoriesEstablishedIn1966,True,6
18,Dbpedia_URL_type_http://dbpedia.org/class/yago/StatesAndTerritoriesEstablishedIn1949,https://en.wikipedia.org/wiki/Category:States_and_territories_established_in_1949,StatesAndTerritoriesEstablishedIn1949,False,6
19,Dbpedia_URL_type_http://dbpedia.org/class/yago/StatesAndTerritoriesEstablishedIn1948,https://en.wikipedia.org/wiki/Category:States_and_territories_established_in_1948,StatesAndTerritoriesEstablishedIn1948,False,6
20,Dbpedia_URL_type_http://dbpedia.org/class/yago/Single-partyStates,https://en.wikipedia.org/wiki/Category:Single-party_states,SinglepartyStates,False,6
21,Dbpedia_URL_type_http://dbpedia.org/class/yago/MemberStatesOfTheCommonwealthOfIndependentStates,https://en.wikipedia.org/wiki/Category:Member_states_of_the_Commonwealth_of_Independent_States,MemberStatesOfTheCommonwealthOfIndependentStates,False,6
22,Dbpedia_URL_type_http://dbpedia.org/class/yago/IslandsOfBarbados,https://en.wikipedia.org/wiki/Category:Islands_of_Barbados,IslandsOfBarbados,False,4
23,Dbpedia_URL_type_http://dbpedia.org/class/yago/Empires,https://en.wikipedia.org/wiki/Category:Empires,Empires,False,5
24,Dbpedia_URL_type_http://dbpedia.org/class/yago/StatesAndTerritoriesEstablishedIn1953,https://en.wikipedia.org/wiki/Category:States_and_territories_established_in_1953,StatesAndTerritoriesEstablishedIn1953,False,6
25,Dbpedia_URL_type_http://dbpedia.org/class/yago/MemberStatesOfTheCouncilOfEurope,https://en.wikipedia.org/wiki/Category:Member_states_of_the_Council_of_Europe,MemberStatesOfTheCouncilOfEurope,True,6
26,Dbpedia_URL_type_http://dbpedia.org/class/yago/StatesAndTerritoriesEstablishedIn1955,https://en.wikipedia.org/wiki/Category:States_and_territories_established_in_1955,StatesAndTerritoriesEstablishedIn1955,False,6
27,Dbpedia_URL_type_http://dbpedia.org/class/yago/Persian-speakingCountriesAndTerritories,https://en.wikipedia.org/wiki/Category:Persian-speaking_countries_and_territories,PersianspeakingCountriesAndTerritories,False,6
28,Dbpedia_URL_type_http://dbpedia.org/class/yago/StatesAndTerritoriesEstablishedIn1956,https://en.wikipedia.org/wiki/Category:States_and_territories_established_in_1956,StatesAndTerritoriesEstablishedIn1956,True,6
29,Dbpedia_URL_type_http://dbpedia.org/class/yago/StatesAndTerritoriesEstablishedIn1957,https://en.wikipedia.org/wiki/Category:States_and_territories_established_in_1957,StatesAndTerritoriesEstablishedIn1957,False,6
30,Dbpedia_URL_type_http://dbpedia.org/class/yago/English-speakingCountriesAndTerritories,https://en.wikipedia.org/wiki/Category:English-speaking_countries_and_territories,EnglishspeakingCountriesAndTerritories,True,6
31,Dbpedia_URL_type_http://dbpedia.org/class/yago/StatesAndTerritoriesEstablishedIn1291,https://en.wikipedia.org/wiki/Category:States_and_territories_established_in_1291,StatesAndTerritoriesEstablishedIn1291,False,6
32,Dbpedia_URL_type_http://dbpedia.org/class/yago/CountriesThatAreEnclavesOfItaly,https://en.wikipedia.org/wiki/Category:Countries_that_are_enclaves_of_Italy,CountriesThatAreEnclavesOfItaly,False,5
33,Dbpedia_URL_type_http://dbpedia.org/class/yago/MemberStatesOfTheCommunityOfPortugueseLanguageCountries,https://en.wikipedia.org/wiki/Category:Member_states_of_the_Community_of_Portuguese_Language_Countries,MemberStatesOfTheCommunityOfPortugueseLanguageCountries,True,6
34,Dbpedia_URL_type_http://dbpedia.org/class/yago/Hindustani-speakingCountriesAndTerritories,https://en.wikipedia.org/wiki/Category:Hindustani-speaking_countries_and_territories,HindustanispeakingCountriesAndTerritories,False,6
35,Dbpedia_URL_type_http://dbpedia.org/class/yago/Developing8CountriesMemberStates,https://en.wikipedia.org/wiki/Category:Developing_8_Countries_member_states,Developing8CountriesMemberStates,True,6
36,Dbpedia_URL_type_http://dbpedia.org/class/yago/EuropeanUnionMemberEconomies,https://en.wikipedia.org/wiki/Category:European_Union_member_economies,EuropeanUnionMemberEconomies,True,4
37,Dbpedia_URL_type_http://dbpedia.org/class/yago/HotspotVolcanoes,https://en.wikipedia.org/wiki/Category:Hotspot_volcanoes,HotspotVolcanoes,False,6
38,Dbpedia_URL_type_http://dbpedia.org/class/yago/SouthernMediterraneanCountries,,SouthernMediterraneanCountries,False,6
39,Dbpedia_URL_type_http://dbpedia.org/class/yago/Dutch-speakingCountries,,DutchspeakingCountries,False,6
40,Dbpedia_URL_type_http://dbpedia.org/class/yago/StatesAndTerritoriesEstablishedIn1946,https://en.wikipedia.org/wiki/Category:States_and_territories_established_in_1946,StatesAndTerritoriesEstablishedIn1946,False,6
41,Dbpedia_URL_type_http://dbpedia.org/class/yago/Romanian-speakingCountriesAndTerritories,https://en.wikipedia.org/wiki/Category:Romanian-speaking_countries_and_territories,RomanianspeakingCountriesAndTerritories,False,6
42,Dbpedia_URL_type_http://dbpedia.org/class/yago/StatesAndTerritoriesEstablishedIn1947,https://en.wikipedia.org/wiki/Category:States_and_territories_established_in_1947,StatesAndTerritoriesEstablishedIn1947,True,6
43,Dbpedia_URL_type_http://dbpedia.org/class/yago/StatesAndTerritoriesEstablishedIn1944,https://en.wikipedia.org/wiki/Category:States_and_territories_established_in_1944,StatesAndTerritoriesEstablishedIn1944,False,6
44,Dbpedia_URL_type_http://dbpedia.org/class/yago/StatesAndTerritoriesEstablishedIn1943,https://en.wikipedia.org/wiki/Category:States_and_territories_established_in_1943,StatesAndTerritoriesEstablishedIn1943,False,6
45,Dbpedia_URL_type_http://dbpedia.org/class/yago/FederalCountries,https://en.wikipedia.org/wiki/Category:Federal_countries,FederalCountries,True,6
46,Dbpedia_URL_type_http://dbpedia.org/class/yago/Islands,https://en.wikipedia.org/wiki/Category:Islands,Islands,False,4
47,Dbpedia_URL_type_http://dbpedia.org/class/yago/MediterraneanIslands,https://en.wikipedia.org/wiki/Category:Mediterranean_islands,MediterraneanIslands,False,4
48,Dbpedia_URL_type_http://dbpedia.org/class/yago/MemberStatesOfNATO,https://en.wikipedia.org/wiki/Category:Member_states_of_NATO,MemberStatesOfNATO,True,6
49,Dbpedia_URL_type_http://dbpedia.org/class/yago/EasternMediterraneanCountries,,EasternMediterraneanCountries,False,6
50,Dbpedia_URL_type_http://dbpedia.org/class/yago/LatinAmericanCountries,https://en.wikipedia.org/wiki/Category:Latin_American_countries,LatinAmericanCountries,False,6
51,Dbpedia_URL_type_http://dbpedia.org/class/yago/CountriesOfTheIndianOcean,,CountriesOfTheIndianOcean,False,6
52,Dbpedia_URL_type_http://dbpedia.org/class/yago/StatesAndTerritoriesEstablishedIn1932,https://en.wikipedia.org/wiki/Category:States_and_territories_established_in_1932,StatesAndTerritoriesEstablishedIn1932,True,6
53,Dbpedia_URL_type_http://dbpedia.org/class/yago/WorldWarIISites,https://en.wikipedia.org/wiki/Category:World_War_II_sites,WorldWarIISites,False,6
54,Dbpedia_URL_type_http://dbpedia.org/class/yago/StatesAndTerritoriesEstablishedIn1825,https://en.wikipedia.org/wiki/Category:States_and_territories_established_in_1825,StatesAndTerritoriesEstablishedIn1825,False,6
55,Dbpedia_URL_type_http://dbpedia.org/class/yago/Serbo-Croatian-speakingCountries,,SerboCroatianspeakingCountries,False,6
56,Dbpedia_URL_type_http://dbpedia.org/class/yago/StatesAndTerritoriesEstablishedIn1821,https://en.wikipedia.org/wiki/Category:States_and_territories_established_in_1821,StatesAndTerritoriesEstablishedIn1821,False,6
57,Dbpedia_URL_type_http://dbpedia.org/class/yago/StatesAndTerritoriesEstablishedIn1822,https://en.wikipedia.org/wiki/Category:States_and_territories_established_in_1822,StatesAndTerritoriesEstablishedIn1822,False,6
58,Dbpedia_URL_type_http://dbpedia.org/class/yago/StatesAndTerritoriesEstablishedIn1918,https://en.wikipedia.org/wiki/Category:States_and_territories_established_in_1918,StatesAndTerritoriesEstablishedIn1918,True,6
59,Dbpedia_URL_type_http://dbpedia.org/class/yago/VolcanoesOfMauritius,https://en.wikipedia.org/wiki/Category:Volcanoes_of_Mauritius,VolcanoesOfMauritius,False,6
60,Dbpedia_URL_type_http://dbpedia.org/class/yago/StatesAndTerritoriesEstablishedIn1818,https://en.wikipedia.org/wiki/Category:States_and_territories_established_in_1818,StatesAndTerritoriesEstablishedIn1818,False,6
61,Dbpedia_URL_type_http://dbpedia.org/class/yago/Portuguese-speakingCountries,,PortuguesespeakingCountries,False,6
62,Dbpedia_URL_type_http://dbpedia.org/class/yago/NordicCountries,https://en.wikipedia.org/wiki/Category:Nordic_countries,NordicCountries,False,6
63,Dbpedia_URL_type_http://dbpedia.org/class/yago/StatesAndTerritoriesEstablishedIn1813,https://en.wikipedia.org/wiki/Category:States_and_territories_established_in_1813,StatesAndTerritoriesEstablishedIn1813,False,6
64,Dbpedia_URL_type_http://dbpedia.org/class/yago/StatesAndTerritoriesEstablishedIn1814,https://en.wikipedia.org/wiki/Category:States_and_territories_established_in_1814,StatesAndTerritoriesEstablishedIn1814,False,6
65,Dbpedia_URL_type_http://dbpedia.org/class/yago/StatesAndTerritoriesEstablishedIn1815,https://en.wikipedia.org/wiki/Category:States_and_territories_established_in_1815,StatesAndTerritoriesEstablishedIn1815,False,6
66,Dbpedia_URL_type_http://dbpedia.org/class/yago/StockMarketCrashes,https://en.wikipedia.org/wiki/Category:Stock_market_crashes,StockMarketCrashes,False,6
67,Dbpedia_URL_type_http://dbpedia.org/class/yago/StatesAndTerritoriesEstablishedIn751,https://en.wikipedia.org/wiki/Category:States_and_territories_established_in_751,StatesAndTerritoriesEstablishedIn751,False,6
68,Dbpedia_URL_type_http://dbpedia.org/class/yago/StatesAndTerritoriesEstablishedIn1810,https://en.wikipedia.org/wiki/Category:States_and_territories_established_in_1810,StatesAndTerritoriesEstablishedIn1810,False,6
69,Dbpedia_URL_type_http://dbpedia.org/class/yago/StatesAndTerritoriesEstablishedIn1811,https://en.wikipedia.org/wiki/Category:States_and_territories_established_in_1811,StatesAndTerritoriesEstablishedIn1811,False,6
70,Dbpedia_URL_type_http://dbpedia.org/class/yago/CountriesBorderingTheArcticOcean,,CountriesBorderingTheArcticOcean,False,6
71,Dbpedia_URL_type_http://dbpedia.org/class/yago/StatesAndTerritoriesEstablishedIn1905,https://en.wikipedia.org/wiki/Category:States_and_territories_established_in_1905,StatesAndTerritoriesEstablishedIn1905,False,6
72,Dbpedia_URL_type_http://dbpedia.org/class/yago/WorldTradeOrganizationMemberEconomies,https://en.wikipedia.org/wiki/Category:World_Trade_Organization_member_economies,WorldTradeOrganizationMemberEconomies,True,4
73,Dbpedia_URL_type_http://dbpedia.org/class/yago/StatesAndTerritoriesEstablishedIn1908,https://en.wikipedia.org/wiki/Category:States_and_territories_established_in_1908,StatesAndTerritoriesEstablishedIn1908,False,6
74,Dbpedia_URL_type_http://dbpedia.org/class/yago/MemberStatesOfTheUnitedNations,https://en.wikipedia.org/wiki/Category:Member_states_of_the_United_Nations,MemberStatesOfTheUnitedNations,True,6
75,Dbpedia_URL_type_http://dbpedia.org/class/yago/EastAsianCountries,https://en.wikipedia.org/wiki/Category:East_Asian_countries,EastAsianCountries,False,6
76,Dbpedia_URL_type_http://dbpedia.org/class/yago/AlpineCountries,,AlpineCountries,False,6
77,Dbpedia_URL_type_http://dbpedia.org/class/yago/StatesAndTerritoriesEstablishedIn1910,https://en.wikipedia.org/wiki/Category:States_and_territories_established_in_1910,StatesAndTerritoriesEstablishedIn1910,False,6
78,Dbpedia_URL_type_http://dbpedia.org/class/yago/PopulatedCoastalPlaces,https://en.wikipedia.org/wiki/Category:Populated_coastal_places,PopulatedCoastalPlaces,False,6
79,Dbpedia_URL_type_http://dbpedia.org/class/yago/StatesAndTerritoriesEstablishedIn1709,https://en.wikipedia.org/wiki/Category:States_and_territories_established_in_1709,StatesAndTerritoriesEstablishedIn1709,False,6
80,Dbpedia_URL_type_http://dbpedia.org/class/yago/YagoPermanentlyLocatedEntity,,YagoPermanentlyLocatedEntity,False,0
81,Dbpedia_URL_type_http://dbpedia.org/class/yago/FinancialCrises,https://en.wikipedia.org/wiki/Category:Financial_crises,FinancialCrises,False,7
82,Dbpedia_URL_type_http://dbpedia.org/class/yago/StatesAndTerritoriesEstablishedIn1912,https://en.wikipedia.org/wiki/Category:States_and_territories_established_in_1912,StatesAndTerritoriesEstablishedIn1912,False,6
83,Dbpedia_URL_type_http://dbpedia.org/class/yago/StatesAndTerritoriesEstablishedIn1911,https://en.wikipedia.org/wiki/Category:States_and_territories_established_in_1911,StatesAndTerritoriesEstablishedIn1911,False,6
84,Dbpedia_URL_type_http://dbpedia.org/class/yago/NUTS2StatisticalRegionsOfTheEuropeanUnion,https://en.wikipedia.org/wiki/Category:NUTS_2_statistical_regions_of_the_European_Union,NUTS2StatisticalRegionsOfTheEuropeanUnion,True,3
85,Dbpedia_URL_type_http://dbpedia.org/class/yago/CountriesBorderingThePhilippineSea,,CountriesBorderingThePhilippineSea,False,6
86,Dbpedia_URL_type_http://dbpedia.org/class/yago/MemberStatesOfLaFrancophonie,https://en.wikipedia.org/wiki/Category:Member_states_of_La_Francophonie,MemberStatesOfLaFrancophonie,True,6
87,Dbpedia_URL_type_http://dbpedia.org/class/yago/MemberStatesOfTheCaribbeanCommunity,https://en.wikipedia.org/wiki/Category:Member_states_of_the_Caribbean_Community,MemberStatesOfTheCaribbeanCommunity,False,6
88,Dbpedia_URL_type_http://dbpedia.org/class/yago/StatesAndTerritoriesEstablishedIn1844,https://en.wikipedia.org/wiki/Category:States_and_territories_established_in_1844,StatesAndTerritoriesEstablishedIn1844,False,6
89,Dbpedia_URL_type_http://dbpedia.org/class/yago/StatesAndTerritoriesEstablishedIn1842,https://en.wikipedia.org/wiki/Category:States_and_territories_established_in_1842,StatesAndTerritoriesEstablishedIn1842,False,6
90,Dbpedia_URL_type_http://dbpedia.org/class/yago/StatesAndTerritoriesEstablishedIn1847,https://en.wikipedia.org/wiki/Category:States_and_territories_established_in_1847,StatesAndTerritoriesEstablishedIn1847,False,6
91,Dbpedia_URL_type_http://dbpedia.org/class/yago/ModernTurkicStates,https://en.wikipedia.org/wiki/Category:Modern_Turkic_states,ModernTurkicStates,False,6
92,Dbpedia_URL_type_http://dbpedia.org/class/yago/DividedRegions,https://en.wikipedia.org/wiki/Category:Divided_regions,DividedRegions,True,3
93,Dbpedia_URL_type_http://dbpedia.org/class/yago/StatesAndTerritoriesEstablishedIn1840,https://en.wikipedia.org/wiki/Category:States_and_territories_established_in_1840,StatesAndTerritoriesEstablishedIn1840,False,6
94,Dbpedia_URL_type_http://dbpedia.org/class/yago/Arabic-speakingCountriesAndTerritories,https://en.wikipedia.org/wiki/Category:Arabic-speaking_countries_and_territories,ArabicspeakingCountriesAndTerritories,True,6
95,Dbpedia_URL_type_http://dbpedia.org/class/yago/StatesAndTerritoriesEstablishedIn1903,https://en.wikipedia.org/wiki/Category:States_and_territories_established_in_1903,StatesAndTerritoriesEstablishedIn1903,False,6
96,Dbpedia_URL_type_http://dbpedia.org/class/yago/StatesAndTerritoriesEstablishedIn1901,https://en.wikipedia.org/wiki/Category:States_and_territories_established_in_1901,StatesAndTerritoriesEstablishedIn1901,False,6
97,Dbpedia_URL_type_http://dbpedia.org/class/yago/Emirates,https://en.wikipedia.org/wiki/Category:Emirates,Emirates,False,5
98,Dbpedia_URL_type_http://dbpedia.org/class/yago/WesternAsianCountries,https://en.wikipedia.org/wiki/Category:Western_Asian_countries,WesternAsianCountries,True,6
99,Dbpedia_URL_type_http://dbpedia.org/class/yago/MiddleEasternCountries,https://en.wikipedia.org/wiki/Category:Middle_Eastern_countries,MiddleEasternCountries,True,6
100,Dbpedia_URL_type_http://dbpedia.org/class/yago/CaribbeanCountries,,CaribbeanCountries,False,6
101,Dbpedia_URL_type_http://dbpedia.org/class/yago/LandlockedCountries,https://en.wikipedia.org/wiki/Category:Landlocked_countries,LandlockedCountries,True,6
102,Dbpedia_URL_type_http://dbpedia.org/class/yago/StatesAndTerritoriesEstablishedIn1830,https://en.wikipedia.org/wiki/Category:States_and_territories_established_in_1830,StatesAndTerritoriesEstablishedIn1830,True,6
103,Dbpedia_URL_type_http://dbpedia.org/class/yago/YagoGeoEntity,,YagoGeoEntity,False,1
104,Dbpedia_URL_type_http://dbpedia.org/class/yago/TerritoriesUnderMilitaryOccupation,https://en.wikipedia.org/wiki/Category:Territories_under_military_occupation,TerritoriesUnderMilitaryOccupation,False,4
105,Dbpedia_URL_type_http://dbpedia.org/class/yago/MemberStatesOfTheUnionOfSouthAmericanNations,https://en.wikipedia.org/wiki/Category:Member_states_of_the_Union_of_South_American_Nations,MemberStatesOfTheUnionOfSouthAmericanNations,False,6
106,Dbpedia_URL_type_http://dbpedia.org/class/yago/StatesAndTerritoriesEstablishedIn872,https://en.wikipedia.org/wiki/Category:States_and_territories_established_in_872,StatesAndTerritoriesEstablishedIn872,False,6
107,Dbpedia_URL_type_http://dbpedia.org/class/yago/Chinese-speakingCountriesAndTerritories,https://en.wikipedia.org/wiki/Category:Chinese-speaking_countries_and_territories,ChinesespeakingCountriesAndTerritories,False,6
108,Dbpedia_URL_type_http://dbpedia.org/class/yago/YouthOlympicGamesHostCities,,YouthOlympicGamesHostCities,False,7
109,Dbpedia_URL_type_http://dbpedia.org/class/yago/NUTS1StatisticalRegionsOfTheEuropeanUnion,https://en.wikipedia.org/wiki/Category:NUTS_1_statistical_regions_of_the_European_Union,NUTS1StatisticalRegionsOfTheEuropeanUnion,False,3
110,Dbpedia_URL_type_http://dbpedia.org/class/yago/AfricanCountries,,AfricanCountries,True,6
111,Dbpedia_URL_type_http://dbpedia.org/class/yago/MemberStatesOfTheSouthAsianAssociationForRegionalCooperation,https://en.wikipedia.org/wiki/Category:Member_states_of_the_South_Asian_Association_for_Regional_Cooperation,MemberStatesOfTheSouthAsianAssociationForRegionalCooperation,True,6
112,Dbpedia_URL_type_http://dbpedia.org/class/yago/SoutheastAsianCountries,https://en.wikipedia.org/wiki/Category:Southeast_Asian_countries,SoutheastAsianCountries,True,6
113,Dbpedia_URL_type_http://dbpedia.org/class/yago/ExtinctVolcanoes,https://en.wikipedia.org/wiki/Category:Extinct_volcanoes,ExtinctVolcanoes,False,6
114,Dbpedia_URL_type_http://dbpedia.org/class/yago/FormerEmpires,https://en.wikipedia.org/wiki/Category:Former_empires,FormerEmpires,False,5
115,Dbpedia_URL_type_http://dbpedia.org/class/yago/SolomonIslands,https://en.wikipedia.org/wiki/Category:Solomon_Islands,SolomonIslands,False,4
116,Dbpedia_URL_type_http://dbpedia.org/class/yago/InternationalIslands,https://en.wikipedia.org/wiki/Category:International_islands,InternationalIslands,False,4
117,Dbpedia_URL_type_http://dbpedia.org/class/yago/NorthAmericanCountries,,NorthAmericanCountries,False,6
118,Dbpedia_URL_type_http://dbpedia.org/class/yago/French-speakingCountries,,FrenchspeakingCountries,False,6
119,Dbpedia_URL_type_http://dbpedia.org/class/yago/EconomiesByRegion,https://en.wikipedia.org/wiki/Category:Economies_by_region,EconomiesByRegion,False,4
120,Dbpedia_URL_type_http://dbpedia.org/class/yago/UnitedArabEmirates,https://en.wikipedia.org/wiki/Category:United_Arab_Emirates,UnitedArabEmirates,False,5
121,Dbpedia_URL_type_http://dbpedia.org/class/yago/MemberStatesOfTheAfricanUnion,https://en.wikipedia.org/wiki/Category:Member_states_of_the_African_Union,MemberStatesOfTheAfricanUnion,True,6
122,Dbpedia_URL_type_http://dbpedia.org/class/yago/MemberStatesOfTheCooperationCouncilForTheArabStatesOfThePersianGulf,,MemberStatesOfTheCooperationCouncilForTheArabStatesOfThePersianGulf,False,6
123,Dbpedia_URL_type_http://dbpedia.org/class/yago/BlackSeaCountries,,BlackSeaCountries,False,6
124,Dbpedia_URL_type_http://dbpedia.org/class/yago/NearEasternCountries,https://en.wikipedia.org/wiki/Category:Near_Eastern_countries,NearEasternCountries,False,6
125,Dbpedia_URL_type_http://dbpedia.org/class/yago/StatesAndTerritoriesEstablishedIn802,https://en.wikipedia.org/wiki/Category:States_and_territories_established_in_802,StatesAndTerritoriesEstablishedIn802,False,6
126,Dbpedia_URL_type_http://dbpedia.org/class/yago/UnitedStates,https://en.wikipedia.org/wiki/Category:United_States,UnitedStates,False,6
127,Dbpedia_URL_type_http://dbpedia.org/class/yago/Russian-speakingCountriesAndTerritories,https://en.wikipedia.org/wiki/Category:Russian-speaking_countries_and_territories,RussianspeakingCountriesAndTerritories,False,6
128,Dbpedia_URL_type_http://dbpedia.org/class/yago/NorthernAmericanCountries,,NorthernAmericanCountries,False,6
129,Dbpedia_URL_type_http://dbpedia.org/class/yago/StatesAndTerritoriesEstablishedIn1768,https://en.wikipedia.org/wiki/Category:States_and_territories_established_in_1768,StatesAndTerritoriesEstablishedIn1768,False,6
130,Dbpedia_URL_type_http://dbpedia.org/class/yago/CountriesBorderingTheRedSea,,CountriesBorderingTheRedSea,False,6
131,Dbpedia_URL_type_http://dbpedia.org/class/yago/CommunistStates,https://en.wikipedia.org/wiki/Category:Communist_states,CommunistStates,False,6
132,Dbpedia_URL_type_http://dbpedia.org/class/yago/MemberStatesOfMercosur,https://en.wikipedia.org/wiki/Category:Member_states_of_Mercosur,MemberStatesOfMercosur,True,6
133,Dbpedia_URL_type_http://dbpedia.org/class/yago/StatesAndTerritoriesEstablishedIn1861,https://en.wikipedia.org/wiki/Category:States_and_territories_established_in_1861,StatesAndTerritoriesEstablishedIn1861,False,6
134,Dbpedia_URL_type_http://dbpedia.org/class/yago/StatesAndTerritoriesEstablishedIn1867,https://en.wikipedia.org/wiki/Category:States_and_territories_established_in_1867,StatesAndTerritoriesEstablishedIn1867,False,6
135,Dbpedia_URL_type_http://dbpedia.org/class/yago/StatesAndTerritoriesEstablishedIn660BC,,StatesAndTerritoriesEstablishedIn660BC,False,6
136,Dbpedia_URL_type_http://dbpedia.org/class/yago/AreasOfTraditionalSpreadOfUkrainiansAndUkrainianLanguage,https://en.wikipedia.org/wiki/Category:Areas_of_traditional_spread_of_Ukrainians_and_Ukrainian_language,AreasOfTraditionalSpreadOfUkrainiansAndUkrainianLanguage,True,4
137,Dbpedia_URL_type_http://dbpedia.org/class/yago/Ukrainian-speakingCountriesAndTerritories,https://en.wikipedia.org/wiki/Category:Ukrainian-speaking_countries_and_territories,UkrainianspeakingCountriesAndTerritories,True,6
138,Dbpedia_URL_type_http://dbpedia.org/class/yago/VolcanicArcIslands,https://en.wikipedia.org/wiki/Category:Volcanic_arc_islands,VolcanicArcIslands,False,4
139,Dbpedia_URL_type_http://dbpedia.org/class/yago/StatesAndTerritoriesEstablishedIn301,https://en.wikipedia.org/wiki/Category:States_and_territories_established_in_301,StatesAndTerritoriesEstablishedIn301,False,6
140,Dbpedia_URL_type_http://dbpedia.org/class/yago/StatesAndTerritoriesEstablishedIn1871,https://en.wikipedia.org/wiki/Category:States_and_territories_established_in_1871,StatesAndTerritoriesEstablishedIn1871,False,6
141,Dbpedia_URL_type_http://dbpedia.org/class/yago/CountriesBorderingTheSouthChinaSea,,CountriesBorderingTheSouthChinaSea,False,6
142,Dbpedia_URL_type_http://dbpedia.org/class/yago/Pashto-speakingCountriesAndTerritories,https://en.wikipedia.org/wiki/Category:Pashto-speaking_countries_and_territories,PashtospeakingCountriesAndTerritories,False,6
143,Dbpedia_URL_type_http://dbpedia.org/class/yago/Enclaves,https://en.wikipedia.org/wiki/Category:Enclaves,Enclaves,False,5
144,Dbpedia_URL_type_http://dbpedia.org/class/yago/StatesAndTerritoriesEstablishedIn1878,https://en.wikipedia.org/wiki/Category:States_and_territories_established_in_1878,StatesAndTerritoriesEstablishedIn1878,False,6
145,Dbpedia_URL_type_http://dbpedia.org/class/yago/AzerbaijaniInhabitedRegions,,AzerbaijaniInhabitedRegions,False,3
146,Dbpedia_URL_type_http://dbpedia.org/class/yago/IslandsOfMadagascar,https://en.wikipedia.org/wiki/Category:Islands_of_Madagascar,IslandsOfMadagascar,False,4
147,Dbpedia_URL_type_http://dbpedia.org/class/yago/IslandsOfMauritius,https://en.wikipedia.org/wiki/Category:Islands_of_Mauritius,IslandsOfMauritius,False,4
148,Dbpedia_URL_type_http://dbpedia.org/class/yago/ArchipelagoesOfTheMediterraneanSea,https://en.wikipedia.org/wiki/Category:Archipelagoes_of_the_Mediterranean_Sea,ArchipelagoesOfTheMediterraneanSea,False,4
149,Dbpedia_URL_type_http://dbpedia.org/class/yago/CapitalsInAsia,https://en.wikipedia.org/wiki/Category:Capitals_in_Asia,CapitalsInAsia,False,7
150,Dbpedia_URL_type_http://dbpedia.org/class/yago/StatesAndTerritoriesEstablishedIn1747,https://en.wikipedia.org/wiki/Category:States_and_territories_established_in_1747,StatesAndTerritoriesEstablishedIn1747,False,6
151,Dbpedia_URL_type_http://dbpedia.org/class/yago/IslandsOfAsia,https://en.wikipedia.org/wiki/Category:Islands_of_Asia,IslandsOfAsia,False,4
152,Dbpedia_URL_type_http://dbpedia.org/class/yago/Italian-speakingCountries,,ItalianspeakingCountries,False,6
153,Dbpedia_URL_type_http://dbpedia.org/class/yago/MemberStatesOfTheArabLeague,https://en.wikipedia.org/wiki/Category:Member_states_of_the_Arab_League,MemberStatesOfTheArabLeague,True,6
154,Dbpedia_URL_type_http://dbpedia.org/class/yago/MemberStatesOfOPEC,https://en.wikipedia.org/wiki/Category:Member_states_of_OPEC,MemberStatesOfOPEC,True,6
155,Dbpedia_URL_type_http://dbpedia.org/class/yago/MemberStatesOfTheAssociationOfSoutheastAsianNations,https://en.wikipedia.org/wiki/Category:Member_states_of_the_Association_of_Southeast_Asian_Nations,MemberStatesOfTheAssociationOfSoutheastAsianNations,True,6
156,Dbpedia_URL_type_http://dbpedia.org/class/yago/MemberStatesOfTheCommonwealthOfNations,https://en.wikipedia.org/wiki/Category:Member_states_of_the_Commonwealth_of_Nations,MemberStatesOfTheCommonwealthOfNations,True,6
157,Dbpedia_URL_type_http://dbpedia.org/class/yago/IslandCountries,https://en.wikipedia.org/wiki/Category:Island_countries,IslandCountries,True,6
158,Dbpedia_URL_type_http://dbpedia.org/class/yago/PhysiographicProvinces,https://en.wikipedia.org/wiki/Category:Physiographic_provinces,PhysiographicProvinces,False,6
159,Dbpedia_URL_type_http://dbpedia.org/class/yago/StatesAndTerritoriesEstablishedIn1993,https://en.wikipedia.org/wiki/Category:States_and_territories_established_in_1993,StatesAndTerritoriesEstablishedIn1993,False,6
160,Dbpedia_URL_type_http://dbpedia.org/class/yago/StatesAndTerritoriesEstablishedIn1991,https://en.wikipedia.org/wiki/Category:States_and_territories_established_in_1991,StatesAndTerritoriesEstablishedIn1991,True,6
161,Dbpedia_URL_type_http://dbpedia.org/class/yago/Swahili-speakingCountriesAndTerritories,https://en.wikipedia.org/wiki/Category:Swahili-speaking_countries_and_territories,SwahilispeakingCountriesAndTerritories,True,6
162,Dbpedia_URL_type_http://dbpedia.org/class/yago/StatesAndTerritoriesEstablishedIn1990,https://en.wikipedia.org/wiki/Category:States_and_territories_established_in_1990,StatesAndTerritoriesEstablishedIn1990,False,6
163,Dbpedia_URL_type_http://dbpedia.org/class/yago/Danish-speakingCountries,,DanishspeakingCountries,False,6
164,Dbpedia_URL_type_http://dbpedia.org/class/yago/StatesAndTerritoriesEstablishedIn1898,https://en.wikipedia.org/wiki/Category:States_and_territories_established_in_1898,StatesAndTerritoriesEstablishedIn1898,False,6
165,Dbpedia_URL_type_http://dbpedia.org/class/yago/German-speakingCountries,,GermanspeakingCountries,False,6
166,Dbpedia_URL_type_http://dbpedia.org/class/yago/MemberStatesOfTheUnionForTheMediterranean,https://en.wikipedia.org/wiki/Category:Member_states_of_the_Union_for_the_Mediterranean,MemberStatesOfTheUnionForTheMediterranean,True,6
167,Dbpedia_URL_type_http://dbpedia.org/class/yago/MemberStatesOfTheEuropeanUnion,https://en.wikipedia.org/wiki/Category:Member_states_of_the_European_Union,MemberStatesOfTheEuropeanUnion,True,6
168,Dbpedia_URL_type_http://dbpedia.org/class/yago/SouthAmericanCountries,,SouthAmericanCountries,True,6
169,Dbpedia_URL_type_http://dbpedia.org/class/yago/StatesOfTheGermanConfederation,https://en.wikipedia.org/wiki/Category:States_of_the_German_Confederation,StatesOfTheGermanConfederation,False,6
170,Dbpedia_URL_type_http://dbpedia.org/class/yago/CentralAmericanCountries,,CentralAmericanCountries,False,6
171,Dbpedia_URL_type_http://dbpedia.org/class/yago/CountriesBorderingTheBalticSea,,CountriesBorderingTheBalticSea,False,6
172,Dbpedia_URL_type_http://dbpedia.org/class/yago/IslandsOfAfrica,https://en.wikipedia.org/wiki/Category:Islands_of_Africa,IslandsOfAfrica,False,4
173,Dbpedia_URL_type_http://dbpedia.org/class/yago/BicontinentalCountries,,BicontinentalCountries,False,6
174,Dbpedia_URL_type_http://dbpedia.org/class/yago/CountriesBorderingTheAtlanticOcean,,CountriesBorderingTheAtlanticOcean,True,6
175,Dbpedia_URL_type_http://dbpedia.org/class/yago/Sultanates,https://en.wikipedia.org/wiki/Category:Sultanates,Sultanates,False,7
176,Dbpedia_URL_type_http://dbpedia.org/class/yago/CentralAsianCountries,https://en.wikipedia.org/wiki/Category:Central_Asian_countries,CentralAsianCountries,False,6
177,Dbpedia_URL_type_http://dbpedia.org/class/yago/ArchipelagoesOfTheIndianOcean,https://en.wikipedia.org/wiki/Category:Archipelagoes_of_the_Indian_Ocean,ArchipelagoesOfTheIndianOcean,False,4
178,Dbpedia_URL_type_http://dbpedia.org/class/yago/SlavicCountries,,SlavicCountries,False,6
179,Dbpedia_URL_type_http://dbpedia.org/class/yago/Tamil-speakingCountriesAndTerritories,https://en.wikipedia.org/wiki/Category:Tamil-speaking_countries_and_territories,TamilspeakingCountriesAndTerritories,False,6
180,Dbpedia_URL_type_http://dbpedia.org/class/yago/StatesAndTerritoriesEstablishedIn1976,https://en.wikipedia.org/wiki/Category:States_and_territories_established_in_1976,StatesAndTerritoriesEstablishedIn1976,False,6
181,Dbpedia_URL_type_http://dbpedia.org/class/yago/StatesAndTerritoriesEstablishedIn1975,https://en.wikipedia.org/wiki/Category:States_and_territories_established_in_1975,StatesAndTerritoriesEstablishedIn1975,True,6
182,Dbpedia_URL_type_http://dbpedia.org/class/yago/PeninsulasOfAsia,https://en.wikipedia.org/wiki/Category:Peninsulas_of_Asia,PeninsulasOfAsia,False,4
183,Dbpedia_URL_type_http://dbpedia.org/class/yago/MemberStatesOfTheOrganisationOfIslamicCooperation,https://en.wikipedia.org/wiki/Category:Member_states_of_the_Organisation_of_Islamic_Cooperation,MemberStatesOfTheOrganisationOfIslamicCooperation,True,6
184,Dbpedia_URL_type_http://dbpedia.org/class/yago/StatesAndTerritoriesEstablishedIn1974,https://en.wikipedia.org/wiki/Category:States_and_territories_established_in_1974,StatesAndTerritoriesEstablishedIn1974,False,6
185,Dbpedia_URL_type_http://dbpedia.org/class/yago/LeastDevelopedCountries,https://en.wikipedia.org/wiki/Category:Least_developed_countries,LeastDevelopedCountries,True,6
186,Dbpedia_URL_type_http://dbpedia.org/class/yago/StatesAndTerritoriesEstablishedIn1978,https://en.wikipedia.org/wiki/Category:States_and_territories_established_in_1978,StatesAndTerritoriesEstablishedIn1978,False,6
187,Dbpedia_URL_type_http://dbpedia.org/class/yago/BalticStates,https://en.wikipedia.org/wiki/Category:Baltic_states,BalticStates,True,6
188,Dbpedia_URL_type_http://dbpedia.org/class/yago/StatesAndTerritoriesEstablishedIn1971,https://en.wikipedia.org/wiki/Category:States_and_territories_established_in_1971,StatesAndTerritoriesEstablishedIn1971,True,6
189,Dbpedia_URL_type_http://dbpedia.org/class/yago/StatesAndTerritoriesEstablishedIn1970,https://en.wikipedia.org/wiki/Category:States_and_territories_established_in_1970,StatesAndTerritoriesEstablishedIn1970,False,6
190,Dbpedia_URL_type_http://dbpedia.org/class/yago/IslandsOfDominica,https://en.wikipedia.org/wiki/Category:Islands_of_Dominica,IslandsOfDominica,False,4
191,Dbpedia_URL_type_http://dbpedia.org/class/yago/IslamicStates,https://en.wikipedia.org/wiki/Category:Islamic_states,IslamicStates,True,6
192,Dbpedia_URL_type_http://dbpedia.org/class/yago/AfricanUnionMemberEconomies,https://en.wikipedia.org/wiki/Category:African_Union_member_economies,AfricanUnionMemberEconomies,True,4
193,Dbpedia_URL_type_http://dbpedia.org/class/yago/ArchipelagoesOfThePacificOcean,https://en.wikipedia.org/wiki/Category:Archipelagoes_of_the_Pacific_Ocean,ArchipelagoesOfThePacificOcean,False,4
194,Dbpedia_URL_type_http://dbpedia.org/class/yago/StatesAndTerritoriesEstablishedIn1776,https://en.wikipedia.org/wiki/Category:States_and_territories_established_in_1776,StatesAndTerritoriesEstablishedIn1776,False,6
195,Dbpedia_URL_type_http://dbpedia.org/class/yago/FormerBritishProtectorates,https://en.wikipedia.org/wiki/Category:Former_British_protectorates,FormerBritishProtectorates,False,5
196,Dbpedia_URL_type_http://dbpedia.org/class/yago/PersianGulfCountries,,PersianGulfCountries,False,6
197,Dbpedia_URL_type_http://dbpedia.org/class/yago/Nuclear-freeZones,https://en.wikipedia.org/wiki/Category:Nuclear-free_zones,NuclearfreeZones,False,5
198,Dbpedia_URL_type_http://dbpedia.org/class/yago/MemberStatesOfTheDutchLanguageUnion,https://en.wikipedia.org/wiki/Category:Member_states_of_the_Dutch_Language_Union,MemberStatesOfTheDutchLanguageUnion,False,6
199,Dbpedia_URL_type_http://dbpedia.org/class/yago/StatesAndTerritoriesEstablishedIn1981,https://en.wikipedia.org/wiki/Category:States_and_territories_established_in_1981,StatesAndTerritoriesEstablishedIn1981,True,6
200,Dbpedia_URL_type_http://dbpedia.org/class/yago/BantuCountriesAndTerritories,https://en.wikipedia.org/wiki/Category:Bantu_countries_and_territories,BantuCountriesAndTerritories,True,6
201,Dbpedia_URL_type_http://dbpedia.org/class/yago/OceanianCountries,,OceanianCountries,False,6
202,Dbpedia_URL_type_http://dbpedia.org/class/yago/StatesAndTerritoriesEstablishedIn681,https://en.wikipedia.org/wiki/Category:States_and_territories_established_in_681,StatesAndTerritoriesEstablishedIn681,False,6
203,Dbpedia_URL_type_http://dbpedia.org/class/yago/CountriesBorderingThePacificOcean,,CountriesBorderingThePacificOcean,False,6
204,Dbpedia_URL_type_http://dbpedia.org/class/yago/StatesAndTerritoriesEstablishedIn2006,https://en.wikipedia.org/wiki/Category:States_and_territories_established_in_2006,StatesAndTerritoriesEstablishedIn2006,False,6
205,Dbpedia_URL_type_http://dbpedia.org/class/yago/SouthAsianCountries,https://en.wikipedia.org/wiki/Category:South_Asian_countries,SouthAsianCountries,True,6
206,Dbpedia_URL_type_http://dbpedia.org/class/yago/MemberStatesOfTheCooperationCouncilForTheArabStatesOfTheGulf,https://en.wikipedia.org/wiki/Category:Member_states_of_the_Cooperation_Council_for_the_Arab_States_of_the_Gulf,MemberStatesOfTheCooperationCouncilForTheArabStatesOfTheGulf,True,6
