_unit_id,_created_at,_updated_at,friendly,id,orig,values,what_is_the_rationale_for_your_choice_gold,what_is_the_rationale_for_your_choice_gold_reason,what_is_the_relevance_of_the_property_given_above_for_determining_whether_a_mushroom_is_edible_or_poisonous_gold,what_is_the_relevance_of_the_property_given_above_for_determining_whether_a_mushroom_is_edible_or_poisonous_gold_reason
888966641,2/22/2016 17:19:26,2/22/2016 20:09:24,cap shape,1,cap-shape,"<i>bell</i>,<i>conical</i>,<i>convex</i>,<i>flat</i>,<i>knobbed</i>,<i>sunken</i>",,,,
888966642,2/22/2016 17:19:26,2/22/2016 18:28:33,presence of  bruises,2,bruises?,<i>yes</i> or <i>no</i>,,,,
888966643,2/22/2016 17:19:26,2/22/2016 17:43:59,odour,3,odor,"<i>almond</i>,<i>anise</i>,<i>creosote</i>,<i>fishy</i>,<i>foul</i>,<i>musty</i>,<i>does not have odour</i>,<i>pungent</i>,<i>spicy</i>",,,,
888966644,2/22/2016 17:19:26,2/22/2016 20:09:24,gill spacing,4,gill-spacing,"<i>close</i>,<i>crowded</i>,<i>distant</i>",,,,
888966645,2/22/2016 17:19:26,2/22/2016 20:09:24,gill colour,5,gill-color,"<i>black</i>,<i>brown</i>,<i>buff</i>,<i>chocolate</i>,<i>gray</i>,<i>green</i>,<i>orange</i>,<i>pink</i>,<i>purple</i>,<i>red</i>,<i>white</i>,<i>yellow</i><i>black</i>,<i>brown</i>,<i>buff</i>,<i>chocolate</i>,<i>gray</i>,<i>green</i>,<i>orange</i>,<i>pink</i>,<i>purple</i>,<i>red</i>,<i>white</i>,<i>yellow</i>",,,,
888966646,2/22/2016 17:19:26,2/22/2016 17:43:59,gill size,6,gill-size,"<i>broad</i>,<i>narrow</i>",,,,
888966647,2/22/2016 17:19:26,2/22/2016 18:28:33,stalk shape,7,stalk-shape,"<i>enlarging</i>,<i>tapering</i>",,,,
888966648,2/22/2016 17:19:26,2/22/2016 18:28:33,stalk root,8,stalk-root,"<i>bulbous</i>,<i>club</i>,<i>cup</i>,<i>equal</i>,<i>rhizomorphs</i>,<i>rooted</i>,<i>missing</i>",,,,
888966649,2/22/2016 17:19:26,2/22/2016 17:43:59,stalk surface,9,stalk-surface-above-ring,"<i>fibrous</i>,<i>scaly</i>,<i>silky</i>,<i>smooth</i>",,,,
888966650,2/22/2016 17:19:26,2/22/2016 18:28:33,veil color,10,veil-color,"<i>brown</i>,<i>orange</i>,<i>white</i>,<i>yellow</i>",,,,
888966651,2/22/2016 17:19:26,2/22/2016 20:09:24,number of rings,11,ring-number,"<i>no rings</i>,<i>one ring</i>,<i>two ring</i>",,,,
888966652,2/22/2016 17:19:26,2/22/2016 17:43:58,spore print color,12,spore-print-color,"<i>black</i>,<i>brown</i>,<i>buff</i>,<i>chocolate</i>,<i>green</i>,<i>orange</i>,<i>purple</i>,<i>white</i>,<i>yellow</i>",,,,
888966653,2/22/2016 17:19:26,2/22/2016 18:28:33,population,13,population,"<i>abundant</i>,<i>clustered</i>,<i>numerous</i>,<i>scattered</i>,<i>several</i>,<i>solitary</i>",,,,
888966654,2/22/2016 17:19:26,2/22/2016 17:43:58,habitat,14,habitat,"<i>grasses</i>,<i>leaves</i>,<i>meadows</i>,<i>paths</i>,<i>urban</i>,<i>waste</i>,<i>woods</i>",,,,
