_unit_id,_created_at,_updated_at,friendly,friendlyshow,id,machine_readable_values,nil,uri,values,what_is_the_rationale_for_your_choice_gold,what_is_the_rationale_for_your_choice_gold_reason,what_is_the_relevance_of_the_property_given_above_for_determining_the_risk_of_traffic_accidents_in_a_given_country_gold,what_is_the_relevance_of_the_property_given_above_for_determining_the_risk_of_traffic_accidents_in_a_given_country_gold_reason
888688038,2/22/2016 10:08:18,2/22/2016 12:24:39,Divided region,,1,Divided region,,,,,,,
888688039,2/22/2016 10:08:18,2/22/2016 10:36:05,Geographical location,,2,"European countries, Western Asian countries, Middle Eastern countries, African countries, Southeast Asian countries, South American countries, South Asian countries
",,,"European countries, Western Asian countries, Middle Eastern countries, African countries, Southeast Asian countries, South American countries, South Asian countries
",,,,
888688040,2/22/2016 10:08:18,2/22/2016 12:24:39,Type of theocracy,,3,Islamic states,,,Islamic state,,,,
888688041,2/22/2016 10:08:18,2/22/2016 12:24:39,Proximity to sea,,4,"Islands of the Indian Ocean, Landlocked countries, Island countries, countries Bordering the Atlantic Ocean",,,"Islands of the Indian Ocean, Landlocked countries, Island countries, countries Bordering the Atlantic Ocean",,,,
888688042,2/22/2016 10:08:18,2/22/2016 10:36:05,Level of development,,5,"Least Developed countries, Developed countries",,,Least Developed countries,,,,
888688043,2/22/2016 10:08:18,2/22/2016 10:36:05,Language,,6,"Malayspeaking countries and territories, Englishspeaking countries and territories, Arabicspeaking countries and territories, Ukrainianspeaking countries and territories, Swahilispeaking countries and territories, Bantu countries and territories",,,"Malayspeaking countries and territories, Englishspeaking countries and territories, Arabicspeaking countries and territories, Ukrainianspeaking countries and territories, Swahilispeaking countries and territories, Bantu countries and territories",,,,
888688044,2/22/2016 10:08:18,2/22/2016 12:24:39,International organizations the country is a member of,,7,"Member states of the Council of Europe, Member states of the Community of Portuguese Language countries, Developing 8 countries Member states, European Union Member Economies, Member states of NATO, World Trade Organization Member Economies, Member states of the United Nations, Member states of La Francophonie, Member states of the South Asian Association for Regional Cooperation, Member states of the African Union, Member states of Mercosur, Member states of the Arab League, Member states of OPEC, Member states of the Association of Southeast Asian Nations, Member states of the Commonwealth of Nations, Member states of the Union for the Mediterranean, Member states of the European Union, Member states of the Organisation of Islamic Cooperation, African Union Member Economies, Member states of the Cooperation Council for the Arab states of the Gulf",,,"Member states of the Council of Europe, Member states of the Community of Portuguese Language countries, Developing 8 countries Member states, European Union Member Economies, Member states of NATO, World Trade Organization Member Economies, Member states of the United Nations, Member states of La Francophonie, Member states of the South Asian Association for Regional Cooperation, Member states of the African Union, Member states of Mercosur, Member states of the Arab League, Member states of OPEC, Member states of the Association of Southeast Asian Nations, Member states of the Commonwealth of Nations, Member states of the Union for the Mediterranean, Member states of the European Union, Member states of the Organisation of Islamic Cooperation, African Union Member Economies, Member states of the Cooperation Council for the Arab states of the Gulf",,,,
888688045,2/22/2016 10:08:18,2/22/2016 10:36:05,Refined geographical location,,8,"NUTS2 statistical Regions of the European Union, Areas of Traditional Spread of Ukrainians and Ukrainian Language, Baltic states",,,"NUTS2 statistical Regions of the European Union, Areas of Traditional Spread of Ukrainians and Ukrainian Language, Baltic states",,,,
888688046,2/22/2016 10:08:18,2/22/2016 12:24:39,Form of government,,9,"Socialist states, Federal countries",,,"Socialist states, Federal countries",,,,
888688047,2/22/2016 10:08:18,2/22/2016 10:36:05,When the country was established,,10,"States and territories established In 1830, States and territories established In 1918, States and territories established In 1932, States and territories established In 1947,States and territories established In 1956, States and territories established In 1960, States and territories established In 1962, States and territories established In 1963, States and territories established In 1966, States and territories established In 1971, States and territories established In 1975, States and territories established In 1981, States and territories established In 1991",,,"States and territories established In 1830, States and territories established In 1918, States and territories established In 1932, States and territories established In 1947,States and territories established In 1956, States and territories established In 1960, States and territories established In 1962, States and territories established In 1963, States and territories established In 1966, States and territories established In 1971, States and territories established In 1975, States and territories established In 1981, States and territories established In 1991",,,,
