_unit_id,_created_at,_updated_at,friendly,friendlyshow,id,uri,rating_gold,rating_gold_reason,what_is_the_rationale_for_your_choice_gold,what_is_the_rationale_for_your_choice_gold_reason
847079468,12/14/2015 10:55:08,12/15/2015 17:32:35,AmericanThrillerFilms,American Thriller Films,30,https://en.wikipedia.org/wiki/Category:American_thriller_films,,,,
847079469,12/14/2015 10:55:08,12/19/2015 13:33:26,BuddyFilms,Buddy Films,59,https://en.wikipedia.org/wiki/Category:Buddy_films,,,,
847079470,12/14/2015 10:55:08,12/14/2015 18:08:59,FilmsBasedOnTelevisionSeries,Films Based On Television Series,86,https://en.wikipedia.org/wiki/Category:Films_based_on_television_series,,,,
847079471,12/14/2015 10:55:08,12/16/2015 08:49:03,X1990sHorrorFilms,Horror Films Released In 1990s,227,https://en.wikipedia.org/wiki/Category:1990s_horror_films,,,,
847079472,12/14/2015 10:55:08,12/14/2015 21:59:49,SupernaturalHorrorFilms,Supernatural Horror Films,286,https://en.wikipedia.org/wiki/Category:Supernatural_horror_films,,,,
847079473,12/14/2015 10:55:08,12/15/2015 23:41:20,X2003Films,Films Released In 2003,290,https://en.wikipedia.org/wiki/Category:2003_films,,,,
847079474,12/14/2015 10:55:08,12/15/2015 17:32:35,X2009Films,Films Released In 2009,297,https://en.wikipedia.org/wiki/Category:2009_films,,,,
847079475,12/14/2015 10:55:08,12/16/2015 08:49:03,AmericanLGBTrelatedFilms,American LGBT related Films,308,https://en.wikipedia.org/wiki/Category:American_LGBT-related_films,,,,
847079476,12/14/2015 10:55:08,12/17/2015 04:54:54,FrenchlanguageFilms,Frenchlanguage Films,328,https://en.wikipedia.org/wiki/Category:French-language_films,,,,
847079477,12/14/2015 10:55:08,12/14/2015 21:59:48,DirectorialDebutFilms,Directorial Debut Films,418,https://en.wikipedia.org/wiki/Category:Directorial_debut_films,,,,
847079478,12/14/2015 10:55:08,12/15/2015 17:32:35,X1999Films,Films Released In 1999,450,https://en.wikipedia.org/wiki/Category:1999_films,,,,
847079479,12/14/2015 10:55:08,12/15/2015 17:32:35,SerialKillerFilms,Serial Killer Films,522,https://en.wikipedia.org/wiki/Category:Serial_killer_films,,,,
847079480,12/14/2015 10:55:09,12/14/2015 18:08:59,X2000sHorrorFilms,Horror Films Released In 2000s,685,https://en.wikipedia.org/wiki/Category:2000s_horror_films,,,,
847079481,12/14/2015 10:55:09,12/17/2015 04:54:54,X2005Films,Films Released In 2005,776,https://en.wikipedia.org/wiki/Category:2005_films,,,,
847079482,12/14/2015 10:55:09,12/14/2015 18:08:59,X2007Films,Films Released In 2007,820,https://en.wikipedia.org/wiki/Category:2007_films,,,,
847079483,12/14/2015 10:55:09,12/15/2015 23:41:20,CanadianHorrorFilms,Canadian Horror Films,883,https://en.wikipedia.org/wiki/Category:Canadian_horror_films,,,,
847079484,12/14/2015 10:55:09,12/17/2015 04:54:54,X2010sDramaFilms,Drama Films Released In 2010,972,https://en.wikipedia.org/wiki/Category:2010s_drama_films,,,,
847079485,12/14/2015 10:55:09,12/19/2015 13:33:26,IndependentFilms,Independent Films,1164,https://en.wikipedia.org/wiki/Category:Independent_films,,,,
847079486,12/14/2015 10:55:09,12/18/2015 04:20:07,SonyPicturesClassicsFilms,Sony Pictures Classics Films,1206,https://en.wikipedia.org/wiki/Category:Sony_Pictures_Classics_films,,,,
847079487,12/14/2015 10:55:09,12/15/2015 23:41:20,SpanishFilms,Spanish Films,1292,https://en.wikipedia.org/wiki/Category:Spanish_films,,,,
847079488,12/14/2015 10:55:09,12/14/2015 18:09:00,X2000Films,Films Released In 2000,1317,https://en.wikipedia.org/wiki/Category:2000_films,,,,
847079489,12/14/2015 10:55:09,12/18/2015 04:20:07,AmericanHorrorFilms,American Horror Films,1320,https://en.wikipedia.org/wiki/Category:American_horror_films,,,,
847079490,12/14/2015 10:55:09,12/14/2015 21:59:49,FrenchFilms,French Films,1371,https://en.wikipedia.org/wiki/Category:French_films,,,,
847079491,12/14/2015 10:55:09,12/16/2015 08:49:04,FilmsFeaturingABestSupportingActorAcademyAwardWinningPerformance,Films Featuring A Best Supporting Actor Academy Award Winning Performance,1442,https://en.wikipedia.org/wiki/Category:Films_featuring_a_Best_Supporting_Actor_Academy_Award_winning_performance,,,,
847079492,12/14/2015 10:55:09,12/18/2015 04:20:06,SlasherFilms,Slasher Films,1459,https://en.wikipedia.org/wiki/Category:Slasher_films,,,,
847079493,12/14/2015 10:55:09,12/18/2015 04:20:07,FrenchDramaFilms,French Drama Films,1461,https://en.wikipedia.org/wiki/Category:French_drama_films,,,,
847079494,12/14/2015 10:55:09,12/15/2015 23:41:20,X2000sThrillerFilms,Thriller Films Released In 2000s,1615,https://en.wikipedia.org/wiki/Category:2000s_thriller_films,,,,
847079495,12/14/2015 10:55:09,12/16/2015 08:49:04,X2010Films,Films Released In 2010s,1635,https://en.wikipedia.org/wiki/Category:2010_films,,,,
847079496,12/14/2015 10:55:09,12/14/2015 21:59:48,EnglishlanguageFilms,Englishlanguage Films,1642,https://en.wikipedia.org/wiki/Category:English-language_films,,,,
847079497,12/14/2015 10:55:09,12/17/2015 04:54:54,SpanishlanguageFilms,Spanishlanguage Films,1754,https://en.wikipedia.org/wiki/Category:Spanish-language_films,,,,
847079498,12/14/2015 10:55:09,12/18/2015 20:43:53,,Academy Award Winner or Nominee,,https://en.wikipedia.org/wiki/List_of_Academy_Award_winners_and_nominees_for_Best_Foreign_Language_Film,"good_strong_influence
Good (weak influence)",The film obtained a  movie award.,,""
847079499,12/14/2015 10:55:09,12/19/2015 02:22:00,,Recipient of Golden Raspberry Award,,https://en.wikipedia.org/wiki/Golden_Raspberry_Awards,"Bad (strong influence)
Bad (weak influence)",The film obtained a bad movie award.,,
847079500,12/14/2015 10:55:09,12/19/2015 13:32:02,,Recipient  of Stinkers Bad Movie Award,,https://en.wikipedia.org/wiki/Stinkers_Bad_Movie_Awards,"Bad (strong influence)
Bad (weak influence)",The film obtained a bad movie award.,,
847079501,12/14/2015 10:55:09,12/19/2015 13:32:03,,Films considered the worst,,https://en.wikipedia.org/wiki/List_of_films_considered_the_worst,"Bad (strong influence)
Bad (weak influence)",The film obtained a bad movie award.,,
847079502,12/14/2015 10:55:09,12/19/2015 13:32:02,,Recipient  of MBC Drana Award,,https://en.wikipedia.org/wiki/MBC_Drama_Awards,"good_strong_influence
Good (weak influence)",The film obtained a  movie award.,,""
847079503,12/14/2015 10:55:09,12/18/2015 20:43:54,,Recipient  of BAFTA Award for Best Original Screenplay,,https://en.wikipedia.org/wiki/BAFTA_Award_for_Best_Original_Screenplay,"good_strong_influence
Good (weak influence)",The film obtained a  movie award.,,""
847079504,12/14/2015 10:55:09,12/18/2015 20:43:53,,Recipient  of Golden Raspberry Award for Worst Screenplay,,https://en.wikipedia.org/wiki/Golden_Raspberry_Award_for_Worst_Screenplay,"Bad (strong influence)
Bad (weak influence)",The film obtained a bad movie award.,,
847079505,12/14/2015 10:55:09,12/18/2015 20:37:20,,Recipient of 25th Golden Raspberry Award,,https://en.wikipedia.org/wiki/25th_Golden_Raspberry_Awards,"Bad (strong influence)
Bad (weak influence)",The film obtained a bad movie award.,,
847079506,12/14/2015 10:55:09,12/18/2015 04:20:07,,Box Office Bomb,,https://en.wikipedia.org/wiki/List_of_box_office_bombs,"Bad (strong influence)
Bad (weak influence)",The film obtained a bad movie award.,,
847079507,12/14/2015 10:55:09,12/19/2015 02:20:02,,Films whose name begins with letters J to L,,https://en.wikiquote.org/wiki/List_of_films_%28J%E2%80%93L%29,"Good (weak influence)
no_influence
Bad (weak influence)",This category is too broad to denote strong influence on movie rating.,,""
847079508,12/14/2015 10:55:09,12/19/2015 13:32:03,,American Films,,https://en.wikipedia.org/wiki/Lists_of_American_films,"Good (weak influence)
no_influence
Bad (weak influence)",This category is too broad to denote strong influence.,,""
847079509,12/14/2015 10:55:09,12/19/2015 05:05:02,,French-language Films,,https://en.wikipedia.org/wiki/List_of_French-language_films,"Good (weak influence)
no_influence
Bad (weak influence)",This category is too broad to denote strong influence on movie rating.,,""
847079510,12/14/2015 10:55:09,12/19/2015 02:20:02,,Chinese-language Films,,https://en.wikipedia.org/wiki/List_of_Chinese_films,"Good (weak influence)
no_influence
Bad (weak influence)",This category is too broad to denote strong influence on movie rating.,,""
847079511,12/14/2015 10:55:09,12/19/2015 05:05:02,,Spanish Films,,https://en.wikipedia.org/wiki/List_of_Spanish_films,"Good (weak influence)
no_influence
Bad (weak influence)",This category is too broad to denote strong influence on movie rating.,,""
847079512,12/14/2015 10:55:09,12/19/2015 13:33:26,,1984 Films,,https://en.wikipedia.org/wiki/1984_in_film,"Good (weak influence)
no_influence
Bad (weak influence)",This category is too broad to denote strong influence on movie rating.,,""
847079513,12/14/2015 10:55:09,12/18/2015 20:43:53,,2015 Films,,https://en.wikipedia.org/wiki/2015_in_film,"Good (weak influence)
no_influence
Bad (weak influence)",This category is too broad to denote strong influence.,,""
847079514,12/14/2015 10:55:09,12/19/2015 13:32:02,,Winner of  Western Union Short Film Competition,,https://en.wikipedia.org/wiki/Western_Union_Short_Film_Competition,"good_strong_influence
Good (weak influence)",The film obtained a  movie award.,,""
847079515,12/14/2015 10:55:09,12/19/2015 05:05:02,,Palme_ 'Or Holders,,https://en.wikipedia.org/wiki/Palme_d'Or,"good_strong_influence
Good (weak influence)",The film obtained a  movie award.,,""
847079516,12/14/2015 10:55:09,12/19/2015 02:20:02,,Golden Shell Holders,,https://en.wikipedia.org/wiki/Golden_Shell,"good_strong_influence
Good (weak influence)",The film obtained a  movie award.,,""
