_unit_id,_created_at,_updated_at,friendly,id,orig,values,what_is_the_rationale_for_your_choice_gold,what_is_the_rationale_for_your_choice_gold_reason,what_is_the_relevance_of_the_property_given_above_for_determining_whether_a_mushroom_is_edible_or_poisonous_gold,what_is_the_relevance_of_the_property_given_above_for_determining_whether_a_mushroom_is_edible_or_poisonous_gold_reason
887401196,2/19/2016 16:30:40,2/19/2016 17:54:11,cap shape,1,cap-shape,"<i>bell</i>,<i>conical</i>,<i>convex</i>,<i>flat</i>,<i>knobbed</i>,<i>sunken</i>",,,,
887401197,2/19/2016 16:30:40,2/19/2016 19:42:56,presence of  bruises,2,bruises?,<i>yes</i> or <i>no</i>,,,,
887401198,2/19/2016 16:30:40,2/19/2016 19:42:56,odour,3,odor,"<i>almond</i>,<i>anise</i>,<i>creosote</i>,<i>fishy</i>,<i>foul</i>,<i>musty</i>,<i>does not have odour</i>,<i>pungent</i>,<i>spicy</i>",,,,
887401199,2/19/2016 16:30:40,2/19/2016 19:42:56,gill spacing,4,gill-spacing,"<i>close</i>,<i>crowded</i>,<i>distant</i>",,,,
887401200,2/19/2016 16:30:40,2/19/2016 19:41:13,gill colour,5,gill-color,"<i>black</i>,<i>brown</i>,<i>buff</i>,<i>chocolate</i>,<i>gray</i>,<i>green</i>,<i>orange</i>,<i>pink</i>,<i>purple</i>,<i>red</i>,<i>white</i>,<i>yellow</i><i>black</i>,<i>brown</i>,<i>buff</i>,<i>chocolate</i>,<i>gray</i>,<i>green</i>,<i>orange</i>,<i>pink</i>,<i>purple</i>,<i>red</i>,<i>white</i>,<i>yellow</i>",,,,
887401201,2/19/2016 16:30:40,2/19/2016 17:54:11,gill size,6,gill-size,"<i>broad</i>,<i>narrow</i>",,,,
887401202,2/19/2016 16:30:40,2/19/2016 19:41:13,stalk shape,7,stalk-shape,"<i>enlarging</i>,<i>tapering</i>",,,,
887401203,2/19/2016 16:30:40,2/19/2016 19:41:13,stalk root,8,stalk-root,"<i>bulbous</i>,<i>club</i>,<i>cup</i>,<i>equal</i>,<i>rhizomorphs</i>,<i>rooted</i>,<i>missing</i>",,,,
887401204,2/19/2016 16:30:40,2/19/2016 19:41:13,stalk surface,9,stalk-surface-above-ring,"<i>fibrous</i>,<i>scaly</i>,<i>silky</i>,<i>smooth</i>",,,,
887401205,2/19/2016 16:30:40,2/19/2016 17:54:11,veil color,10,veil-color,"<i>brown</i>,<i>orange</i>,<i>white</i>,<i>yellow</i>",,,,
887401206,2/19/2016 16:30:40,2/19/2016 17:54:12,number of rings,11,ring-number,"<i>no rings</i>,<i>one ring</i>,<i>two ring</i>",,,,
887401207,2/19/2016 16:30:40,2/19/2016 19:42:56,spore print color,12,spore-print-color,"<i>black</i>,<i>brown</i>,<i>buff</i>,<i>chocolate</i>,<i>green</i>,<i>orange</i>,<i>purple</i>,<i>white</i>,<i>yellow</i>",,,,
887401208,2/19/2016 16:30:40,2/19/2016 19:42:56,population,13,population,"<i>abundant</i>,<i>clustered</i>,<i>numerous</i>,<i>scattered</i>,<i>several</i>,<i>solitary</i>",,,,
887401209,2/19/2016 16:30:40,2/19/2016 19:41:13,habitat,14,habitat,"<i>grasses</i>,<i>leaves</i>,<i>meadows</i>,<i>paths</i>,<i>urban</i>,<i>waste</i>,<i>woods</i>",,,,
