_unit_id,_created_at,_updated_at,friendly,orig,used,rating_gold,rating_gold_reason,what_is_the_rationale_for_your_choice_gold,what_is_the_rationale_for_your_choice_gold_reason
877211784,2/8/2016 11:35:41,2/8/2016 12:17:35,Forest animals do not eat it.,,,"poisonous_strong_influence
poisonous_weak_influence","However, it is dangerous to assume that it is safe for humans to eat the same species that animals consume without any ill effects – deer and rabbits can eat poisonous fungi with impunity",,
877211785,2/8/2016 11:35:41,2/8/2016 12:35:55,Causes immediate stomach problems after consumption.,,,"poisonous_strong_influence
poisonous_weak_influence",It is definitely a sign of edibility.,,
877211786,2/8/2016 11:35:41,2/8/2016 12:35:55,Forest animals eat it.,,,"edible_strong_influence
edible_weak_influence","However, it is dangerous to assume that it is safe for humans to eat the same species that animals consume without any ill effects – deer and rabbits can eat poisonous fungi with impunity",,
877211787,2/8/2016 11:35:41,2/8/2016 12:17:35,Mushroom looks exactly like a species denoted as edible in a mushroom atlas.,,,,Obvious,,
877211788,2/8/2016 11:35:41,2/8/2016 12:35:55,Mushroom looks exactly like a species denoted as poisonous  in a mushroom atlas.,,,"poisonous_strong_influence
poisonous_weak_influence",Obvious,,
877211789,2/8/2016 11:35:41,2/8/2016 12:40:34,Other mushroom pickers do not pick this mushroom.,,,"poisonous_strong_influence
poisonous_weak_influence",Obvious,,
877211790,2/8/2016 11:35:41,2/8/2016 12:35:55,Mushroom is small.,,,no_influence,Both edible and poisonous mushrooms are at some point small.,,""
877211791,2/8/2016 11:35:41,2/8/2016 12:35:55,Grows in forest,,,no_influence,Both edible and poisonous mushrooms grow in forest.,,""
877211884,2/8/2016 11:36:13,2/8/2016 12:40:34,ring type is <i>flaring</i>,ring-type=f,,,,,
877211885,2/8/2016 11:36:13,2/8/2016 12:40:34,stalk color below ring is <i>gray</i>,stalk-color-below-ring=g,,,,,
877211886,2/8/2016 11:36:13,2/8/2016 12:40:34,population is <i>abundant</i>,population=a,,,,,
877211887,2/8/2016 11:36:13,2/8/2016 12:40:34,population is <i>numerous</i>,population=n,,,,,
