_unit_id,_created_at,_updated_at,_golden,friendly,friendlyshow,id,orig,rating_gold,rating_gold_reason,uri,rating_gold,rating_gold_reason,what_is_the_rationale_for_your_choice_gold,what_is_the_rationale_for_your_choice_gold_reason
847814385,12/15/2015 08:48:32,12/23/2015 17:52:08,,PortSettlementsInTheUnitedStates,Port Settlements In The United States,7,city_uri_type_http://dbpedia.org/class/yago/PortSettlementsInTheUnitedStates,,,https://en.wikipedia.org/wiki/Category:Port_settlements_in_the_United_States,,,,
847814386,12/15/2015 08:48:32,12/20/2015 17:29:17,,PlannedCitiesInPakistan,Planned Cities In Pakistan,43,city_uri_type_http://dbpedia.org/class/yago/PlannedCitiesInPakistan,,,https://en.wikipedia.org/wiki/Category:Planned_cities_in_Pakistan,,,,
847814387,12/15/2015 08:48:32,12/21/2015 14:10:50,,CountySeatsInPennsylvania,County Seats In Pennsylvania,84,city_uri_type_http://dbpedia.org/class/yago/CountySeatsInPennsylvania,,,https://en.wikipedia.org/wiki/Category:County_seats_in_Pennsylvania,,,,
847814388,12/15/2015 08:48:32,12/20/2015 17:29:17,,ProvincialCapitalsInMozambique,Provincial Capitals In Mozambique,91,city_uri_type_http://dbpedia.org/class/yago/ProvincialCapitalsInMozambique,,,https://en.wikipedia.org/wiki/Category:Provincial_capitals_in_Mozambique,,,,
847814389,12/15/2015 08:48:32,12/18/2015 08:36:02,,NUTS3StatisticalRegionsOfTheEuropeanUnion,NUTS3 Statistical Regions Of The European Union,101,city_uri_type_http://dbpedia.org/class/yago/NUTS3StatisticalRegionsOfTheEuropeanUnion,,,https://en.wikipedia.org/wiki/Category:NUTS_3_statistical_regions_of_the_European_Union,,,,
847814390,12/15/2015 08:48:32,12/20/2015 17:29:17,,CoastalCitiesInAustralia,Coastal Cities In Australia,141,city_uri_type_http://dbpedia.org/class/yago/CoastalCitiesInAustralia,,,https://en.wikipedia.org/wiki/Category:Coastal_cities_in_Australia,,,,
847814391,12/15/2015 08:48:32,12/15/2015 17:52:01,,PortCitiesAndTownsOfTheNorthSea,Port Cities And Towns Of The North Sea,143,city_uri_type_http://dbpedia.org/class/yago/PortCitiesAndTownsOfTheNorthSea,,,https://en.wikipedia.org/wiki/Category:Port_cities_and_towns_of_the_North_Sea,,,,
847814392,12/15/2015 08:48:32,12/16/2015 05:09:10,,CitiesInSwitzerland,Cities In Switzerland,166,city_uri_type_http://dbpedia.org/class/yago/CitiesInSwitzerland,,,https://en.wikipedia.org/wiki/Category:Cities_in_Switzerland,,,,
847814393,12/15/2015 08:48:32,12/23/2015 17:52:08,,RegionalCapitalsInSenegal,Regional Capitals In Senegal,185,city_uri_type_http://dbpedia.org/class/yago/RegionalCapitalsInSenegal,,,https://en.wikipedia.org/wiki/Category:Regional_capitals_in_Senegal,,,,
847814394,12/15/2015 08:48:32,12/21/2015 14:10:50,,CantonalCapitalsOfSwitzerland,Cantonal Capitals Of Switzerland,198,city_uri_type_http://dbpedia.org/class/yago/CantonalCapitalsOfSwitzerland,,,https://en.wikipedia.org/wiki/Category:Cantonal_capitals_of_Switzerland,,,,
847814395,12/15/2015 08:48:32,12/15/2015 17:52:01,,CitiesInCentralAsia,Cities In Central Asia,210,city_uri_type_http://dbpedia.org/class/yago/CitiesInCentralAsia,,,https://en.wikipedia.org/wiki/Category:Cities_in_Central_Asia,,,,
847814396,12/15/2015 08:48:32,12/18/2015 08:36:02,,PopulatedPlacesEstablishedInThe1stMillenniumBC,Populated Places Established In The 1st Millennium BC,225,city_uri_type_http://dbpedia.org/class/yago/PopulatedPlacesEstablishedInThe1stMillenniumBC,,,https://en.wikipedia.org/wiki/Category:Populated_places_established_in_the_1st_millennium_BC,,,,
847814397,12/15/2015 08:48:32,12/21/2015 22:16:51,,CapitalsInEurope,Capitals InEurope,312,city_uri_type_http://dbpedia.org/class/yago/CapitalsInEurope,,,https://en.wikipedia.org/wiki/Category:Capitals_in_Europe,,,,
847814398,12/15/2015 08:48:32,12/24/2015 23:45:54,,MetropolitanCitiesInIndia,Metropolitan Cities In India,354,city_uri_type_http://dbpedia.org/class/yago/MetropolitanCitiesInIndia,,,https://en.wikipedia.org/wiki/Category:Metropolitan_cities_in_India,,,,
847814399,12/15/2015 08:48:32,12/16/2015 05:09:10,,PortCitiesInAfrica,Port Cities In Africa,413,city_uri_type_http://dbpedia.org/class/yago/PortCitiesInAfrica,,,https://en.wikipedia.org/wiki/Category:Port_cities_in_Africa,,,,
847814400,12/15/2015 08:48:32,12/15/2015 17:52:02,,RegionsOfNiger,Regions Of Niger,423,city_uri_type_http://dbpedia.org/class/yago/RegionsOfNiger,,,https://en.wikipedia.org/wiki/Category:Regions_of_Niger,,,,
847814401,12/15/2015 08:48:32,12/21/2015 14:10:50,,WorldHeritageSitesInSwitzerland,World Heritage Sites In Switzerland,432,city_uri_type_http://dbpedia.org/class/yago/WorldHeritageSitesInSwitzerland,,,https://en.wikipedia.org/wiki/Category:World_Heritage_Sites_in_Switzerland,,,,
847814402,12/15/2015 08:48:32,12/21/2015 22:16:51,,CapitalDistrictsAndTerritories,Capital Districts And Territories,438,city_uri_type_http://dbpedia.org/class/yago/CapitalDistrictsAndTerritories,,,https://en.wikipedia.org/wiki/Category:Capital_districts_and_territories,,,,
847814403,12/15/2015 08:48:32,12/28/2015 12:46:48,,MetropolitanAreasOfPakistan,Metropolitan Areas Of Pakistan,445,city_uri_type_http://dbpedia.org/class/yago/MetropolitanAreasOfPakistan,,,https://en.wikipedia.org/wiki/Category:Metropolitan_areas_of_Pakistan,,,,
847814404,12/15/2015 08:48:32,12/20/2015 17:29:17,,CapitalsInAfrica,Capitals In Africa,448,city_uri_type_http://dbpedia.org/class/yago/CapitalsInAfrica,,,https://en.wikipedia.org/wiki/Category:Capitals_in_Africa,,,,
847814405,12/15/2015 08:48:32,12/24/2015 23:45:54,,CapitalsOfPakistan,Capitals Of Pakistan,450,city_uri_type_http://dbpedia.org/class/yago/CapitalsOfPakistan,,,https://en.wikipedia.org/wiki/Category:Capitals_of_Pakistan,,,,
847814406,12/15/2015 08:48:32,12/24/2015 23:45:54,,CapitalsInAsia,Capitals In Asia,454,city_uri_type_http://dbpedia.org/class/yago/CapitalsInAsia,,,https://en.wikipedia.org/wiki/Category:Capitals_in_Asia,,,,
847814407,12/15/2015 08:48:32,12/18/2015 08:36:02,,RegionsOfMali,Regions Of Mali,469,city_uri_type_http://dbpedia.org/class/yago/RegionsOfMali,,,https://en.wikipedia.org/wiki/Category:Regions_of_Mali,,,,
847814408,12/15/2015 08:48:32,12/21/2015 14:10:50,,VikingAgePopulatedPlaces,Viking Age Populated Places,511,city_uri_type_http://dbpedia.org/class/yago/VikingAgePopulatedPlaces,,,https://en.wikipedia.org/wiki/Category:Viking_Age_populated_places,,,,
847814409,12/15/2015 08:48:32,12/15/2015 17:52:02,,GermanStateCapitals,German State Capitals,528,city_uri_type_http://dbpedia.org/class/yago/GermanStateCapitals,,,https://en.wikipedia.org/wiki/Category:German_state_capitals,,,,
847814410,12/15/2015 08:48:32,12/24/2015 23:45:54,,AustralianCapitalCities,Australian Capital Cities,529,city_uri_type_http://dbpedia.org/class/yago/AustralianCapitalCities,,,https://en.wikipedia.org/wiki/Category:Australian_capital_cities,,,,
847814411,12/15/2015 08:48:32,12/18/2015 08:36:02,,IndianCapitalCities,Indian Capital Cities,532,city_uri_type_http://dbpedia.org/class/yago/IndianCapitalCities,,,https://en.wikipedia.org/wiki/Category:Indian_capital_cities,,,,
847814412,12/15/2015 08:48:32,12/23/2015 17:52:08,,PopulatedPlacesInGabon,Populated Places In Gabon,539,city_uri_type_http://dbpedia.org/class/yago/PopulatedPlacesInGabon,,,https://en.wikipedia.org/wiki/Category:Populated_places_in_Gabon,,,,
847814413,12/15/2015 08:48:32,12/21/2015 22:16:51,,NUTS1StatisticalRegionsOfTheEuropeanUnion,NUTS1 Statistical Regions Of The European Union,571,city_uri_type_http://dbpedia.org/class/yago/NUTS1StatisticalRegionsOfTheEuropeanUnion,,,https://en.wikipedia.org/wiki/Category:NUTS_1_statistical_regions_of_the_European_Union,,,,
847814414,12/15/2015 08:48:32,12/23/2015 17:52:08,,RegionalCapitalsInGhana,Regional Capitals In Ghana,572,city_uri_type_http://dbpedia.org/class/yago/RegionalCapitalsInGhana,,,https://en.wikipedia.org/wiki/Category:Regional_capitals_in_Ghana,,,,
847814415,12/15/2015 08:48:32,12/16/2015 05:09:10,,PortCitiesAndTownsOfTheBalticSea,Port Cities And  Towns Of The Baltic Sea,573,city_uri_type_http://dbpedia.org/class/yago/PortCitiesAndTownsOfTheBalticSea,,,https://en.wikipedia.org/wiki/Category:Port_cities_and_towns_of_the_Baltic_Sea,,,,
847814416,12/15/2015 08:48:32,12/21/2015 22:16:51,,PopulatedCoastalPlacesInJapan,Populated Coastal Place sIn Japan,577,city_uri_type_http://dbpedia.org/class/yago/PopulatedCoastalPlacesInJapan,,,https://en.wikipedia.org/wiki/Category:Populated_coastal_places_in_Japan,,,,
847814417,12/15/2015 08:48:32,12/16/2015 05:09:10,,PortSettlementsInJapan,Port Settlements In Japan,660,city_uri_type_http://dbpedia.org/class/yago/PortSettlementsInJapan,,,https://en.wikipedia.org/wiki/Category:Port_settlements_in_Japan,,,,
847822709,12/15/2015 09:16:21,12/28/2015 12:45:00,1,,Cities with the highest murder rate,,,"low_strong_influence
Low (weak influence)",It  is a well-known fact that high murder rate has negative impact on the quality of living.,https://en.wikipedia.org/wiki/List_of_cities_by_murder_rate,"low_strong_influence
Low (weak influence)",It  is a well-known fact that high murder rate has negative impact on the quality of living.,,""
847822710,12/15/2015 09:16:21,12/28/2015 12:45:00,2,,Cities with the lowest murder rate,,,"high_weak_influence
high_strong_influence",It  is a well-known fact that low murder rate has positive impact on the quality of living.,https://en.wikipedia.org/wiki/List_of_countries_by_minimum_driving_age,"high_weak_influence
high_strong_influence",It  is a well-known fact that low murder rate has positive impact on the quality of living.,,""
847822711,12/15/2015 09:16:21,12/28/2015 12:02:07,3,,Cities in countries with the highest education index,,,"high_weak_influence
high_strong_influence",Availability of good education is usually considered to have positive impact on the quality of living.,https://en.wikipedia.org/wiki/Education_Index,"high_weak_influence
high_strong_influence",Availability of good education is usually considered to have positive impact on the quality of living.,,""
847822712,12/15/2015 09:16:21,12/24/2015 23:44:52,4,,Cities in countries with the lowest education index,,,"low_strong_influence
Low (weak influence)",Unavailability of good education is usually considered to have negative impact on the quality of living.,https://en.wikipedia.org/wiki/List_of_countries_by_traffic-related_death_rate,"low_strong_influence
Low (weak influence)",Unavailability of good education is usually considered to have negative impact on the quality of living.,,""
847822713,12/15/2015 09:16:21,12/28/2015 12:46:38,5,,Cities listed on the Monocle's Quality of Life Survey.,,,"high_weak_influence
high_strong_influence",There is an obvious link between presence on a list of best cities according to quality of life and quality of life in a city.,https://en.wikipedia.org/wiki/World's_most_liveable_cities,"high_weak_influence
high_strong_influence",There is an obvious link between presence on a list of best cities according to quality of life and quality of life in a city.,,""
847822714,12/15/2015 09:16:21,12/28/2015 12:45:00,6,,Cities topping the EIU's Liveability Ranking,,,"high_weak_influence
high_strong_influence",There is an obvious link between presence on a list of best cities according to quality of life and quality of life in a city.,https://en.wikipedia.org/wiki/The_Economist_Intelligence_Unit's_liveability_survey,"high_weak_influence
high_strong_influence",There is an obvious link between presence on a list of best cities according to quality of life and quality of life in a city.,,""
847822715,12/15/2015 09:16:21,12/26/2015 03:17:44,7,,Least livable cities according to EIU's Liveability Ranking,,,"low_strong_influence
Low (weak influence)",There is an obvious link between presence on a list of best cities according to quality of life and quality of life in a city.,https://en.wikipedia.org/wiki/The_Economist_Intelligence_Unit's_liveability_survey,"low_strong_influence
Low (weak influence)",There is an obvious link between presence on a list of best cities according to quality of life and quality of life in a city.,,""
847822716,12/15/2015 09:16:21,12/24/2015 23:44:52,8,,Recipients of European Green Capital Award,,,"high_weak_influence
high_strong_influence",There is an obvious  link between receiving this award and quality of life in a city.,https://en.wikipedia.org/wiki/European_Green_Capital_Award,"high_weak_influence
high_strong_influence",There is an obvious  link between receiving this award and quality of life in a city.,,""
847822717,12/15/2015 09:16:21,12/25/2015 06:53:27,9,,Cities with the most % of public green space (parks and gardens),,,"high_weak_influence
high_strong_influence",There is obvious between the amount of  public green space and quality of life in a city.,http://www.skyscrapercity.com/showthread.php?t=1660203,"high_weak_influence
high_strong_influence",There is obvious between the amount of  public green space and quality of life in a city.,,""
847822718,12/15/2015 09:16:21,12/26/2015 03:15:34,10,,America's 50 Greenest Cities,,,"high_weak_influence
high_strong_influence",There is an obvious link between being a green  city and quality of life in a city.,http://www.popsci.com/environment/article/2008-02/americas-50-greenest-cities,"high_weak_influence
high_strong_influence",There is an obvious link between being a green  city and quality of life in a city.,,""
847822719,12/15/2015 09:16:21,12/26/2015 19:23:13,11,,Cities in countries which are a Parliamentary republic,,,"Low (weak influence)
no_influence
high_weak_influence","Many countries are parliamentary republic, there is no obvious <b>strong</b> link with quality of living in cities in such countries.",https://en.wikipedia.org/wiki/List_of_countries_by_system_of_government#Parliamentary_republics,"Low (weak influence)
no_influence
high_weak_influence","Many countries are parliamentary republic, there is no obvious <b>strong</b> link with quality of living in cities in such countries.",,""
847822720,12/15/2015 09:16:21,12/28/2015 12:02:06,13,,Cities with name beginning on  letters A-F,,,no_influence,There is no obvious link with the quality of life.,,no_influence,There is no obvious link with the quality of life.,,""
847822721,12/15/2015 09:16:21,12/28/2015 12:02:06,14,,Cities with name beginning on  letters H-N,,,no_influence,There is no obvious link with the quality of life.,,no_influence,There is no obvious link with the quality of life.,,""
847822722,12/15/2015 09:16:21,12/28/2015 12:45:00,15,,Cities with name beginning on  letters M-Z,,,no_influence,There is no obvious link with  the quality of life.,,no_influence,There is no obvious link with  the quality of life.,,""
847822723,12/15/2015 09:16:21,12/26/2015 19:23:13,15,,The 25 Most Polluted Places On Earth,,,"low_strong_influence
Low (weak influence)",There is obvious link between pollution and quality of life.,http://list25.com/the-25-most-polluted-places-on-earth/,"low_strong_influence
Low (weak influence)",There is obvious link between pollution and quality of life.,,""
847822724,12/15/2015 09:16:21,12/28/2015 12:45:00,15,,The 10 Most Polluted Cities in the World,,,"low_strong_influence
Low (weak influence)",There is obvious link between pollution and quality of life.,http://science.time.com/2013/10/18/the-10-most-polluted-cities-in-the-world/,"low_strong_influence
Low (weak influence)",There is obvious link between pollution and quality of life.,,""
